Date,BTC_Price,BTC_Open,BTC_High,BTC_Low,BTC_Vol.,ETH_Price,ETH_Open,ETH_High,ETH_Low,ETH_Vol.,SOL_Price,SOL_Open,SOL_High,SOL_Low,SOL_Vol.,XRP_Price,XRP_Open,XRP_High,XRP_Low,XRP_Vol.,BNB_Price,BNB_Open,BNB_High,BNB_Low,BNB_Vol.
2020-07-13,9243.6,9300.5,9329.6,9207.6,456870.0,239.73,242.84,245.04,237.71,8320000.0,1.279,1.009,1.279,1.009,295740.0,0.1987,0.2012,0.2064,0.1941,1310000000.0,18.42,18.31,18.99,17.73,4280000.0
2020-07-14,9253.4,9243.1,9274.8,9135.7,453830.0,240.5,239.75,242.08,237.21,7070000.0,1.115,1.279,1.279,1.114,295740.0,0.1991,0.1987,0.1997,0.1951,948660000.0,18.09,18.42,18.76,17.88,3430000.0
2020-07-15,9198.7,9253.6,9270.2,9168.7,429840.0,238.62,240.49,241.36,237.04,7350000.0,1.383,1.115,1.384,1.115,295740.0,0.1972,0.1991,0.1997,0.1965,772570000.0,17.63,18.09,18.15,17.44,2910000.0
2020-07-21,9387.3,9162.3,9426.9,9155.1,458990.0,245.53,236.1,246.49,235.67,6290000.0,1.004,0.874,1.005,0.874,295740.0,0.1995,0.1947,0.2009,0.194,998170000.0,17.72,17.47,17.98,17.4,3290000.0
2020-07-22,9513.7,9387.4,9523.1,9296.0,386000.0,263.28,245.54,266.42,241.89,6680000.0,1.046,1.004,1.087,1.003,295740.0,0.2036,0.1995,0.2044,0.1962,1000000000.0,18.1,17.72,18.11,17.46,3390000.0
2020-07-23,9599.6,9513.6,9646.5,9451.1,425660.0,275.34,263.29,279.53,260.7,8790000.0,1.044,1.046,1.087,1.005,295740.0,0.2085,0.2036,0.2101,0.2016,1420000000.0,18.76,18.11,18.76,18.05,3660000.0
2020-07-25,9704.1,9546.7,9729.3,9536.2,306290.0,305.32,279.33,308.57,279.33,8590000.0,1.274,0.986,1.379,0.986,295740.0,0.2146,0.204,0.2174,0.2037,1260000000.0,19.8,19.18,20.03,19.16,4410000.0
2020-07-26,9932.5,9690.0,10086.6,9645.9,415070.0,311.13,305.32,318.54,300.33,9190000.0,1.61,1.274,1.61,1.249,295740.0,0.2153,0.2146,0.2249,0.213,1550000000.0,19.55,19.8,20.25,19.34,4230000.0
2020-07-27,11022.8,9932.7,11367.0,9894.6,908990.0,321.8,311.12,332.57,311.04,13730000.0,1.731,1.61,2.067,1.61,295740.0,0.2243,0.2153,0.2289,0.2101,2100000000.0,19.79,19.55,20.18,18.45,5590000.0
2020-07-28,10908.5,10961.1,11046.1,10873.6,658370.0,316.96,321.82,326.53,306.4,9910000.0,1.787,1.731,1.821,1.63,295740.0,0.2304,0.2243,0.2346,0.2173,2000000000.0,20.17,19.79,20.62,19.46,5190000.0
2020-07-29,11105.9,10908.4,11336.5,10771.8,576830.0,317.82,316.95,324.93,312.64,8720000.0,1.65,1.787,2.051,1.618,295740.0,0.2432,0.2304,0.25,0.2295,2440000000.0,19.84,19.84,19.85,19.8,3430000.0
2020-07-30,11096.2,11105.8,11164.4,10861.6,501140.0,334.87,317.79,341.11,314.83,9070000.0,1.67,1.649,1.785,1.649,295740.0,0.2442,0.241,0.2494,0.2374,1930000000.0,19.98,19.84,20.09,19.56,3180000.0
2020-07-31,11333.4,11096.5,11434.8,10964.6,530950.0,346.51,334.84,349.34,329.02,8690000.0,1.555,1.67,1.67,1.554,295740.0,0.2595,0.2441,0.2604,0.2418,1780000000.0,20.67,19.98,20.85,19.91,3350000.0
2020-08-01,11803.1,11333.2,11847.7,11226.1,611470.0,387.14,346.48,392.37,343.33,11030000.0,1.617,1.555,1.649,1.495,295740.0,0.291,0.2595,0.2974,0.2558,3300000000.0,21.62,20.67,21.75,20.58,3860000.0
2020-08-02,11066.8,11802.6,12061.1,10730.7,647950.0,372.08,387.15,415.08,335.76,16379999.999999998,1.716,1.617,1.717,1.436,295740.0,0.2879,0.291,0.3252,0.2556,5370000000.0,21.0,21.63,22.15,19.26,5000000.0
2020-08-03,11224.4,11066.9,11461.1,10981.6,470240.0,385.8,372.26,397.73,368.46,9920000.0,1.786,1.716,1.83,1.682,295740.0,0.31,0.2879,0.3197,0.2848,3330000000.0,22.07,21.0,22.49,20.72,4059999.9999999995
2020-08-04,11184.7,11223.8,11407.8,11043.0,485790.0,389.62,385.86,402.01,381.3,9840000.0,1.896,1.786,1.933,1.786,295740.0,0.3013,0.3101,0.3187,0.2915,2740000000.0,22.3,22.07,22.44,21.52,3650000.0
2020-08-05,11735.1,11184.8,11771.5,11114.5,570830.0,400.79,389.62,406.92,384.84,8740000.0,1.784,1.896,1.896,1.783,295740.0,0.3025,0.3014,0.3079,0.2918,2069999999.9999998,23.28,22.3,23.54,22.09,5360000.0
2020-08-06,11757.1,11735.0,11898.4,11563.0,554850.0,394.83,400.8,403.18,391.67,7920000.0,2.178,1.784,2.178,1.783,295740.0,0.3032,0.3025,0.3106,0.2974,1820000000.0,22.75,23.27,23.29,22.53,3640000.0
2020-08-07,11592.0,11757.1,11901.8,11352.4,517000.0,379.57,394.8,398.14,366.44,8340000.0,2.051,2.178,2.178,1.895,295740.0,0.2944,0.3032,0.31,0.2817,1880000000.0,22.33,22.75,23.0,21.5,4139999.9999999995
2020-08-08,11764.3,11591.6,11805.5,11533.5,317060.0,396.76,379.57,396.77,376.38,4940000.0,2.5,2.051,2.601,2.012,295740.0,0.2952,0.2944,0.2986,0.2903,1100000000.0,22.92,22.34,22.92,21.86,3370000.0
2020-08-09,11681.2,11764.4,11792.8,11527.5,303000.0,390.23,396.78,399.93,384.31,4970000.0,2.706,2.5,2.706,2.31,295740.0,0.2879,0.2953,0.2983,0.2824,1180000000.0,22.44,22.92,22.94,22.05,3040000.0
2020-08-10,11889.2,11681.1,12041.1,11546.9,564110.0,395.53,390.22,399.05,386.45,8010000.0,3.184,2.706,3.313,2.5,295740.0,0.2946,0.2879,0.2999,0.2851,1970000000.0,22.63,22.44,22.78,22.08,3060000.0
2020-08-11,11390.4,11889.2,11931.8,11146.7,615900.0,379.01,395.52,398.13,367.38,9440000.0,3.445,3.184,3.445,2.772,295740.0,0.2829,0.2946,0.3071,0.2708,2650000000.0,21.27,22.63,22.72,20.7,4550000.0
2020-08-12,11557.2,11390.4,11605.4,11190.6,549590.0,387.12,379.03,389.21,367.05,8590000.0,3.728,3.445,3.88,3.183,295740.0,0.2823,0.2829,0.2872,0.2727,1970000000.0,21.5,21.27,21.97,20.6,3570000.0
2020-08-13,11770.9,11557.2,11772.9,11298.4,545670.0,424.31,387.15,430.33,377.57,12040000.0,3.728,3.728,4.12,3.585,295740.0,0.2943,0.2823,0.2954,0.273,2000000000.0,21.78,21.5,21.86,20.64,4380000.0
2020-08-14,11750.8,11771.1,11835.5,11651.5,435440.0,438.03,424.28,443.74,418.37,8670000.0,3.377,3.728,3.729,3.377,295740.0,0.3001,0.2943,0.3071,0.291,2100000000.0,23.11,21.78,23.29,21.27,5340000.0
2020-08-15,11845.3,11751.1,11964.0,11711.5,499100.0,432.18,438.04,442.7,428.75,7270000.0,3.179,3.377,3.655,3.179,295740.0,0.2989,0.3001,0.3052,0.2936,1810000000.0,23.01,23.11,23.78,22.81,3930000.0
2020-08-16,11899.0,11845.5,11922.5,11688.9,410810.0,433.63,432.22,436.58,413.22,7020000.0,3.378,3.179,3.445,3.179,295740.0,0.3045,0.2988,0.3047,0.2924,1740000000.0,23.5,23.02,23.77,22.72,3880000.0
2020-08-17,12282.6,11898.8,12444.1,11764.0,628410.0,430.56,433.62,444.86,420.71,7830000.0,3.121,3.378,3.378,3.121,295740.0,0.3151,0.3045,0.3267,0.2975,2750000000.0,23.5,23.5,23.92,23.0,3630000.0
2020-08-18,11947.6,12283.0,12381.4,11842.0,606790.0,422.16,430.63,433.65,415.45,8180000.0,3.378,3.121,3.585,2.9,295740.0,0.3026,0.3152,0.3215,0.2985,2150000000.0,23.01,23.51,23.77,22.37,3860000.0
2020-08-19,11750.2,11944.4,12013.2,11602.6,550260.0,407.44,422.1,426.65,394.51,8440000.0,2.942,3.378,3.445,2.883,295740.0,0.2898,0.3026,0.3059,0.2794,1990000000.0,22.35,23.01,23.25,21.86,3270000.0
2020-08-20,11856.9,11751.0,11881.0,11672.7,430930.0,416.05,407.39,418.92,402.8,6230000.0,3.184,2.942,3.377,2.939,295740.0,0.2922,0.2898,0.2944,0.2847,1220000000.0,23.07,22.35,23.3,22.02,3310000.0
2020-08-21,11529.2,11856.9,11877.4,11495.6,506380.0,387.99,416.05,418.72,385.21,7620000.0,2.94,3.184,3.184,2.94,295740.0,0.2792,0.2922,0.2958,0.2779,1530000000.0,22.06,23.07,23.33,21.63,3850000.0
2020-08-22,11661.3,11529.2,11677.0,11382.1,433980.0,395.56,388.06,396.87,379.96,6730000.0,3.06,2.94,3.184,2.717,295740.0,0.2861,0.2792,0.2866,0.2735,1220000000.0,22.2,22.09,22.26,21.29,3000000.0
2020-08-23,11641.6,11661.1,11705.4,11520.8,377330.0,390.5,395.56,396.96,383.42,5360000.0,3.312,3.06,3.379,3.059,295740.0,0.2848,0.2861,0.2879,0.2776,969030000.0,21.84,22.19,22.22,21.55,2560000.0
2020-08-24,11753.5,11641.6,11824.6,11587.1,429130.0,407.7,390.81,410.17,387.62,6690000.0,3.31,3.312,3.585,3.246,295740.0,0.2886,0.2848,0.2919,0.2824,988010000.0,22.61,21.85,22.96,21.67,2440000.0
2020-08-25,11324.8,11752.9,11766.9,11131.0,594070.0,383.2,407.64,409.02,370.4,8279999.999999999,3.265,3.31,3.312,3.064,295740.0,0.2764,0.2886,0.2896,0.2705,1300000000.0,21.39,22.61,22.63,20.99,3530000.0
2020-08-26,11462.3,11324.9,11533.6,11254.6,513059.99999999994,385.96,383.16,392.61,377.63,6690000.0,3.563,3.265,3.784,3.199,295740.0,0.2765,0.2764,0.2806,0.274,1100000000.0,22.2,21.39,22.48,21.28,3850000.0
2020-08-27,11327.4,11462.3,11580.3,11135.3,560590.0,383.11,385.96,396.48,372.53,7030000.0,3.442,3.563,3.796,3.336,295740.0,0.2646,0.2765,0.2783,0.2549,1560000000.0,23.11,22.2,23.14,21.83,4460000.0
2020-08-28,11527.4,11327.5,11539.0,11281.9,464940.0,395.11,383.16,397.64,379.8,6160000.0,4.008,3.442,4.234,3.442,295740.0,0.2717,0.2646,0.2731,0.26,1180000000.0,23.07,23.1,23.57,22.62,3870000.0
2020-08-29,11468.1,11527.8,11576.8,11433.5,389850.0,398.8,395.32,405.53,391.97,5230000.0,3.979,4.008,4.079,3.802,295740.0,0.2738,0.2717,0.2768,0.2687,952890000.0,22.94,23.07,23.5,22.75,2890000.0
2020-08-30,11702.0,11468.1,11704.2,11462.6,409360.0,428.86,398.8,429.59,398.47,6670000.0,4.439,3.979,4.575,3.925,295740.0,0.283,0.2738,0.2838,0.2738,1160000000.0,23.63,22.94,23.83,22.91,3130000.0
2020-08-31,11644.2,11701.1,11760.2,11563.8,496140.0,433.9,428.81,438.71,418.35,7890000.0,4.758,4.439,4.843,4.158,295740.0,0.2812,0.283,0.2845,0.2781,1160000000.0,23.13,23.63,23.9,22.99,2940000.0
2020-09-01,11914.9,11644.2,12045.9,11544.6,580690.0,475.8,433.89,488.24,429.65,10420000.0,4.327,4.758,4.934,4.327,295740.0,0.2954,0.2811,0.2988,0.2763,1630000000.0,24.72,23.13,25.39,22.87,6860000.0
2020-09-02,11413.3,11914.4,11947.5,11244.9,20260000.0,439.08,475.72,480.96,423.26,30140000.0,4.151,4.327,4.355,3.826,295740.0,0.276,0.2953,0.3037,0.2657,2080000000.0,24.7,24.72,25.81,23.23,8960000.0
2020-09-03,10168.8,11413.2,11442.7,10009.5,9650000.0,381.97,439.14,466.4,376.99,33590000.0,3.526,4.151,4.312,3.526,295740.0,0.2443,0.276,0.2765,0.2397,2069999999.9999998,20.33,24.7,25.54,20.18,10460000.0
2020-09-04,10472.5,10168.7,10614.2,9960.3,12500000.0,385.94,381.97,399.58,368.22,25200000.0,3.544,3.526,3.782,3.194,295740.0,0.254,0.2443,0.2655,0.2411,2069999999.9999998,20.95,20.33,21.83,19.42,8410000.0
2020-09-05,10092.2,10472.3,10558.7,9897.8,14720000.0,334.91,385.94,394.12,314.13,35320000.0,2.538,3.544,3.624,2.408,295740.0,0.2374,0.254,0.2594,0.2315,2220000000.0,19.47,20.96,21.53,18.02,5880000.0
2020-09-06,10296.4,10092.2,10337.7,10004.7,12120000.0,353.49,334.91,358.09,316.69,20130000.0,3.068,2.538,3.14,2.333,295740.0,0.2398,0.2374,0.2434,0.2298,1780000000.0,23.18,19.47,23.44,18.58,10830000.0
2020-09-07,10376.9,10296.4,10400.9,9887.0,12400000.0,352.06,353.49,357.33,325.47,21690000.0,2.921,3.068,3.15,2.417,295740.0,0.2421,0.2398,0.2429,0.2299,1770000000.0,22.45,23.18,23.55,20.13,7460000.0
2020-09-08,10126.6,10376.9,10434.4,9877.1,113900.0,337.46,352.06,355.69,326.66,18980000.0,2.476,2.921,2.925,2.409,295740.0,0.2365,0.242,0.2436,0.2313,1750000000.0,23.24,22.45,23.41,21.3,7720000.0
2020-09-09,10224.6,10126.8,10343.3,9984.6,71370.0,351.1,337.46,358.33,331.12,14070000.0,3.614,2.476,3.674,2.391,295740.0,0.239,0.2365,0.2427,0.2331,1430000000.0,24.49,23.24,24.51,22.46,5970000.0
2020-09-10,10339.7,10224.3,10480.3,10219.2,88010.0,367.92,351.1,376.92,350.86,16500000.0,3.461,3.614,3.843,3.314,295740.0,0.2431,0.239,0.2486,0.2389,1560000000.0,24.53,24.49,25.54,24.1,6220000.0
2020-09-11,10390.2,10339.8,10398.8,10212.6,62280.0,373.72,367.89,374.41,356.38,12530000.0,3.428,3.461,3.487,3.053,295740.0,0.2426,0.2431,0.2444,0.237,1350000000.0,25.4,24.53,25.68,23.11,5400000.0
2020-09-12,10441.9,10390.2,10476.8,10275.9,48490.0,387.98,373.74,388.12,366.05,11490000.0,3.336,3.428,3.449,3.16,295740.0,0.2475,0.2426,0.2487,0.2402,1350000000.0,28.5,25.4,28.52,25.39,9430000.0
2020-09-13,10326.0,10441.7,10579.6,10219.4,66120.0,365.71,388.06,389.51,353.85,10380000.0,3.245,3.336,3.361,3.032,295740.0,0.2421,0.2474,0.2534,0.2378,1020000000.0,31.16,28.5,32.32,28.13,15130000.0
2020-09-14,10675.3,10332.7,10744.3,10264.5,96640.0,376.7,365.89,383.99,357.54,10340000.0,3.272,3.245,3.442,3.106,295740.0,0.2457,0.242,0.2483,0.2392,1070000000.0000001,31.1,31.14,33.35,29.05,12310000.0
2020-09-15,10785.3,10675.2,10931.8,10627.8,91700.0,364.01,376.7,381.67,362.4,9060000.0,2.926,3.272,3.303,2.922,295740.0,0.2433,0.2456,0.2494,0.2422,1070000000.0000001,27.11,31.14,31.14,26.75,10690000.0
2020-09-16,10949.5,10785.2,11093.3,10669.2,94940.0,364.88,363.91,372.88,355.18,9060000.0,2.55,2.926,2.926,2.449,295740.0,0.2467,0.2433,0.2511,0.2343,1090000000.0,27.83,27.12,28.43,25.94,7790000.0
2020-09-17,10941.3,10950.1,11039.3,10755.2,77220.0,388.97,364.75,393.96,363.54,12850000.0,2.894,2.55,2.925,2.459,295740.0,0.2521,0.2468,0.2582,0.2461,1100000000.0,27.06,27.83,28.78,26.06,6220000.0
2020-09-18,10933.0,10941.3,11029.7,10818.7,63480.0,384.2,389.37,392.21,375.81,8950000.0,3.1,2.894,3.136,2.763,295740.0,0.2506,0.2521,0.2552,0.2464,1090000000.0,27.67,27.06,28.73,26.65,5750000.0
2020-09-19,11081.8,10933.0,11177.1,10890.7,51630.0,385.25,384.25,386.99,377.63,6740000.0,3.017,3.1,3.243,2.972,295740.0,0.2511,0.2506,0.2546,0.2475,862880000.0,27.2,27.66,27.95,26.66,3360000.0
2020-09-20,10921.5,11081.6,11081.6,10772.7,53390.0,371.12,385.33,385.39,365.48,7300000.0,2.877,3.017,3.017,2.712,295740.0,0.2464,0.2508,0.2513,0.2425,774900000.0,26.37,27.2,27.31,25.14,3940000.0
2020-09-21,10416.8,10919.9,10987.2,10328.5,109850.0,341.3,371.09,375.34,331.41,11410000.0,2.776,2.877,3.001,2.49,295740.0,0.2308,0.2466,0.2481,0.2293,1240000000.0,23.03,26.32,26.65,22.32,7100000.0
2020-09-22,10531.5,10419.4,10570.7,10361.7,63520.0,344.03,341.32,346.19,336.15,9290000.0,2.926,2.776,2.971,2.757,295740.0,0.2329,0.2308,0.2345,0.2294,835780000.0,24.03,23.03,24.55,22.75,4430000.0
2020-09-23,10237.3,10531.5,10535.4,10146.6,74950.0,319.95,343.96,344.12,315.54,13880000.0,2.842,2.926,3.036,2.786,295740.0,0.2214,0.233,0.235,0.2204,705560000.0,22.81,24.04,24.32,22.47,4210000.0
2020-09-24,10739.4,10238.1,10787.8,10201.0,82950.0,349.17,319.97,352.6,317.27,9400000.0,3.142,2.842,3.235,2.815,295740.0,0.2327,0.2215,0.2338,0.2195,791790000.0,24.57,22.81,24.66,22.59,4390000.0
2020-09-25,10688.8,10739.9,10756.0,10558.9,71430.0,351.63,349.13,357.8,338.01,8470000.0,3.194,3.142,3.237,2.916,295740.0,0.2415,0.2328,0.2447,0.2296,875930000.0,24.68,24.57,25.06,23.78,3800000.0
2020-09-26,10727.9,10688.9,10793.3,10650.2,37850.0,354.25,351.62,355.87,346.95,6480000.0,3.129,3.194,3.202,3.053,295740.0,0.2416,0.2415,0.2455,0.2378,939300000.0,26.2,24.68,26.46,24.48,4139999.9999999995
2020-09-27,10776.2,10727.9,10799.2,10602.7,40920.0,357.23,354.26,362.0,347.51,6350000.0,3.159,3.129,3.159,3.011,295740.0,0.2434,0.2415,0.2447,0.2374,943950000.0,26.23,26.18,26.87,25.54,3430000.0
2020-09-28,10693.2,10776.4,10946.6,10685.2,72290.0,354.08,357.42,367.63,352.57,7770000.0,2.945,3.159,3.172,2.945,295740.0,0.241,0.2433,0.2484,0.2402,1400000000.0,26.98,26.23,27.7,25.85,4280000.0
2020-09-29,10840.9,10694.3,10858.4,10642.4,59640.0,359.86,353.97,360.66,351.48,6260000.0,2.952,2.945,3.006,2.906,295740.0,0.2427,0.241,0.2466,0.2384,1250000000.0,28.81,26.99,28.99,26.9,4800000.0
2020-09-30,10776.1,10843.4,10847.7,10667.6,55550.0,359.39,359.77,360.94,352.81,5430000.0,2.889,2.952,2.985,2.845,295740.0,0.2417,0.2429,0.2429,0.2377,1220000000.0,29.32,28.81,29.55,27.9,4130000.0
2020-10-01,10620.5,10776.6,10913.7,10462.7,95330.0,353.07,359.5,369.1,345.66,7930000.0,2.859,2.889,2.976,2.688,295740.0,0.2383,0.2418,0.2444,0.2342,1240000000.0,27.48,29.27,29.38,26.26,5340000.0
2020-10-02,10572.3,10619.6,10662.9,10387.6,77940.0,345.68,353.06,353.61,335.91,7270000.0,2.619,2.859,2.859,2.464,295740.0,0.2339,0.2382,0.2393,0.2285,1230000000.0,27.3,27.45,28.16,25.71,5510000.0
2020-10-03,10544.2,10572.2,10597.8,10501.2,29100.0,345.6,345.78,351.04,343.74,4480000.0,2.554,2.619,2.658,2.554,295740.0,0.2327,0.234,0.2352,0.2325,1080000000.0,28.18,27.31,28.38,27.08,3900000.0
2020-10-04,10672.9,10544.4,10693.3,10520.8,31400.0,352.73,345.6,353.97,344.03,4770000.0,2.517,2.554,2.575,2.432,295740.0,0.2478,0.2326,0.2501,0.2315,1300000000.0,29.01,28.19,29.1,28.01,4090000.0
2020-10-05,10789.5,10672.5,10789.6,10623.4,48860.0,353.28,352.69,354.86,348.76,4960000.0,2.659,2.517,2.667,2.475,295740.0,0.2503,0.2479,0.2542,0.2464,1160000000.0,28.59,29.01,29.25,28.1,3050000.0
2020-10-06,10602.6,10790.2,10800.3,10530.8,69070.0,340.61,353.53,354.9,337.21,7320000.0,2.166,2.659,2.659,2.157,295740.0,0.2457,0.2505,0.2592,0.2407,1410000000.0,27.7,28.58,28.98,27.26,3780000.0
2020-10-07,10670.9,10601.0,10680.1,10553.3,49270.0,341.48,340.59,342.68,334.11,5770000.0,2.292,2.166,2.329,2.108,295740.0,0.2487,0.2456,0.2514,0.241,1150000000.0,27.7,27.69,27.9,26.84,2810000.0
2020-10-08,10924.1,10670.7,10948.6,10549.6,79780.0,350.83,341.66,352.95,334.79,6850000.0,2.365,2.292,2.435,2.036,295740.0,0.2511,0.2486,0.2529,0.2421,975370000.0,27.69,27.7,27.8,26.54,3350000.0
2020-10-09,11054.2,10923.5,11103.0,10836.9,70950.0,365.28,350.71,368.19,347.82,7850000.0,2.546,2.365,2.602,2.321,295740.0,0.2529,0.2512,0.2566,0.2496,1250000000.0,28.38,27.69,28.51,27.48,3470000.0
2020-10-10,11298.4,11053.5,11475.0,11053.1,65810.0,370.16,365.25,377.97,364.57,7170000.0,2.405,2.546,2.596,2.405,295740.0,0.2539,0.253,0.2601,0.2529,1240000000.0,28.38,28.4,29.24,28.11,3230000.0
2020-10-11,11371.0,11295.6,11439.4,11277.6,41060.0,374.19,370.28,377.27,369.23,5220000.0,2.417,2.405,2.448,2.351,295740.0,0.2554,0.2539,0.2585,0.2533,1130000000.0,28.52,28.41,28.72,27.91,3210000.0
2020-10-12,11533.9,11370.8,11715.9,11227.4,84020.0,386.68,374.39,394.58,366.05,10390000.0,2.581,2.417,2.679,2.417,295740.0,0.2561,0.2554,0.2582,0.2492,1390000000.0,30.72,28.52,31.09,28.44,5870000.0
2020-10-13,11423.8,11533.5,11558.0,11315.9,64670.0,381.23,386.64,387.06,374.57,7920000.0,2.404,2.581,2.581,2.354,295740.0,0.2566,0.256,0.26,0.2528,1290000000.0,30.72,30.66,31.78,30.21,4540000.0
2020-10-14,11420.4,11424.4,11541.0,11293.5,59120.0,379.15,381.13,387.11,373.62,8080000.0,2.309,2.404,2.432,2.251,295740.0,0.2491,0.2565,0.2583,0.2461,1070000000.0000001,30.84,30.73,31.32,30.4,3390000.0
2020-10-15,11503.0,11421.4,11590.9,11276.7,70840.0,377.45,378.96,380.77,370.39,7930000.0,2.275,2.309,2.333,2.226,295740.0,0.2458,0.2491,0.25,0.2431,1130000000.0,31.31,30.84,31.65,30.43,3670000.0
2020-10-16,11322.0,11503.2,11542.2,11224.6,71420.0,365.17,377.6,379.6,362.65,7590000.0,2.148,2.275,2.275,2.13,295740.0,0.2402,0.2459,0.2478,0.2377,1150000000.0,30.02,31.29,31.96,29.57,4090000.0
2020-10-17,11362.1,11321.8,11402.7,11274.4,29860.0,368.63,365.08,369.94,363.18,4980000.0,2.196,2.148,2.231,2.142,295740.0,0.2406,0.2402,0.2432,0.2387,1110000000.0,30.23,30.02,30.56,29.68,2570000.0
2020-10-18,11506.9,11362.1,11506.9,11349.8,31510.0,377.81,368.61,378.49,367.54,4680000.0,2.203,2.196,2.246,2.187,295740.0,0.2423,0.2406,0.2434,0.2401,1120000000.0,30.66,30.22,31.01,30.17,3100000.0
2020-10-19,11753.4,11507.1,11823.3,11413.9,73040.0,379.19,377.85,383.97,372.72,6850000.0,2.057,2.203,2.203,2.056,295740.0,0.2456,0.2422,0.2494,0.2401,1080000000.0,29.92,30.65,30.66,29.74,2450000.0
2020-10-20,11913.5,11753.9,12029.4,11685.7,94590.0,368.35,379.03,380.14,367.16,7460000.0,1.89,2.057,2.094,1.863,295740.0,0.2432,0.2456,0.2502,0.2416,1040000000.0,28.8,29.92,30.08,28.5,3550000.0
2020-10-21,12808.7,11913.6,13213.5,11894.6,197720.0,391.2,368.53,400.36,368.06,13610000.0,1.891,1.89,2.03,1.863,295740.0,0.251,0.2432,0.2555,0.2426,1120000000.0,29.74,28.78,30.39,28.64,3690000.0
2020-10-22,12974.6,12805.5,13183.9,12698.2,113310.0,414.05,391.39,420.12,391.21,12650000.0,1.954,1.891,2.078,1.891,295740.0,0.2572,0.251,0.2635,0.2508,1100000000.0,30.65,29.74,31.29,29.71,3870000.0
2020-10-23,12934.1,12972.7,13025.5,12738.9,73940.0,408.52,414.12,419.11,402.91,8180000.0,1.956,1.954,1.982,1.863,295740.0,0.2547,0.257,0.2592,0.2502,765490000.0,30.64,30.64,31.17,30.09,2810000.0
2020-10-24,13117.2,12933.6,13161.5,12876.4,51200.0,411.92,408.59,416.28,407.74,2680000.0,1.914,1.956,1.959,1.894,295740.0,0.2561,0.2547,0.2576,0.2526,726900000.0,30.64,30.64,30.85,30.42,2250000.0
2020-10-25,13032.2,13117.0,13345.3,12900.4,59730.0,406.09,412.44,417.07,403.95,3050000.0,1.787,1.914,1.914,1.775,295740.0,0.2532,0.2561,0.2571,0.2512,804280000.0,30.15,30.63,30.96,29.9,2120000.0
2020-10-26,13061.6,13033.0,13229.7,12792.4,89470.0,394.11,406.45,410.41,383.21,9060000.0,1.692,1.787,1.857,1.635,295740.0,0.2482,0.2531,0.259,0.2436,1000000000.0,31.04,30.15,31.39,29.96,3650000.0
2020-10-27,13657.8,13061.5,13782.3,13050.3,128639.99999999999,403.15,393.93,409.85,390.92,6290000.0,1.712,1.692,1.739,1.623,295740.0,0.2526,0.2481,0.254,0.2476,897910000.0,31.5,31.04,32.37,30.91,3980000.0
2020-10-28,13278.9,13658.3,13851.7,12907.6,144180.0,388.14,403.11,408.1,381.51,9960000.0,1.512,1.712,1.715,1.475,295740.0,0.2455,0.2527,0.2567,0.2443,990700000.0,30.33,31.49,31.93,29.81,3110000.0
2020-10-29,13457.2,13278.3,13640.0,12982.9,111230.0,386.76,388.25,393.33,381.53,3040000.0,1.427,1.512,1.565,1.426,295740.0,0.2425,0.2455,0.247,0.2396,982830000.0,29.86,30.33,30.42,29.49,2760000.0
2020-10-30,13559.9,13457.0,13667.9,13134.5,108770.0,382.41,387.16,391.98,374.36,2810000.0,1.429,1.427,1.445,1.353,295740.0,0.239,0.2425,0.2439,0.2314,972350000.0,28.49,29.87,30.25,27.58,4410000.0
2020-10-31,13797.3,13560.2,14065.4,13441.7,102750.0,386.42,382.81,394.01,380.53,6420000.0,1.545,1.429,1.548,1.429,295740.0,0.2397,0.2391,0.2435,0.2374,872340000.0,28.51,28.49,28.88,28.13,2770000.0
2020-11-01,13759.4,13795.5,13889.5,13628.7,51710.0,396.29,386.36,397.32,384.94,5520000.0,1.604,1.545,1.635,1.526,295740.0,0.2399,0.2397,0.2413,0.2366,861220000.0,28.51,28.51,28.68,28.08,2650000.0
2020-11-02,13561.4,13759.7,13828.4,13214.2,97760.0,383.53,396.45,404.04,379.13,9430000.0,1.481,1.604,1.632,1.475,295740.0,0.2353,0.2399,0.2445,0.2329,1080000000.0,27.8,28.52,29.3,27.8,2950000.0
2020-11-03,14019.9,13560.5,14054.0,13294.6,108170.0,387.92,383.64,389.98,370.96,6730000.0,1.418,1.481,1.481,1.418,295740.0,0.2395,0.2353,0.244,0.228,1030000000.0,26.87,27.8,27.8,25.84,3630000.0
2020-11-04,14145.6,14023.0,14238.8,13544.4,140800.0,402.19,388.23,407.9,377.22,6170000.0,1.397,1.418,1.418,1.298,295740.0,0.2375,0.2395,0.2404,0.2326,1020000000.0,26.94,26.88,26.96,25.95,3010000.0
2020-11-05,15587.1,14145.6,15739.9,14099.7,227490.0,416.63,402.5,419.94,396.46,7040000.0,1.4,1.397,1.471,1.311,295740.0,0.2455,0.2374,0.2472,0.2371,978750000.0,27.69,26.94,27.89,26.68,3380000.0
2020-11-06,15577.9,15593.9,15955.2,15223.5,186130.0,455.72,416.59,457.79,415.08,6530000.0,1.911,1.4,1.921,1.4,295740.0,0.2585,0.2457,0.2614,0.2451,1070000000.0000001,29.06,27.69,29.44,27.68,3830000.0
2020-11-07,14828.4,15578.2,15754.4,14385.1,160730.0,435.4,455.78,467.88,425.57,7780000.0,2.505,1.911,2.505,1.911,295740.0,0.249,0.2586,0.2673,0.2449,976550000.0,27.76,29.06,29.86,26.9,4360000.0
2020-11-08,15483.7,14826.6,15648.3,14720.7,94990.0,454.68,435.39,460.09,432.44,4820000.0,2.152,2.505,2.51,1.551,295740.0,0.2538,0.249,0.2569,0.2474,843460000.0,28.38,27.76,28.7,27.46,3210000.0
2020-11-09,15327.2,15483.3,15819.6,14816.9,165040.0,444.33,454.55,458.51,434.95,28850000.0,2.025,2.152,2.175,1.988,295740.0,0.2504,0.2537,0.2561,0.2456,1000000000.0,28.09,28.38,28.94,27.36,3050000.0
2020-11-10,15303.6,15328.0,15465.3,15096.5,93360.0,450.22,444.38,454.43,439.5,20760000.0,2.261,2.025,2.306,2.019,295740.0,0.2537,0.2505,0.2646,0.2481,1070000000.0000001,28.19,28.09,28.48,27.67,3000000.0
2020-11-11,15695.8,15303.1,15953.9,15281.0,119070.0,463.33,450.26,476.08,449.51,15130000.0,2.002,2.261,2.287,2.002,295740.0,0.2557,0.2538,0.2599,0.2523,834930000.0,27.99,28.21,28.58,27.83,2660000.0
2020-11-12,16294.7,15695.8,16342.7,15483.5,165540.0,462.56,463.33,469.57,452.44,9330000.0,1.895,2.002,2.049,1.842,295740.0,0.2549,0.2558,0.2581,0.2524,738890000.0,27.71,28.0,28.15,27.31,2300000.0
2020-11-13,16324.2,16293.0,16474.1,15973.4,113750.0,476.29,462.61,477.78,457.65,9850000.0,2.019,1.895,2.042,1.895,295740.0,0.2655,0.2549,0.2656,0.2537,942550000.0,28.19,27.71,28.51,27.52,2650000.0
2020-11-14,16071.0,16323.1,16328.2,15717.7,83640.0,460.7,476.38,477.34,452.6,9170000.0,1.928,2.019,2.024,1.893,295740.0,0.2681,0.2656,0.2771,0.2615,1050000000.0,27.91,28.21,28.21,27.39,2100000.0
2020-11-15,15953.0,16074.7,16158.1,15782.3,58430.0,448.23,460.75,462.93,440.44,9340000.0,2.033,1.928,2.188,1.928,295740.0,0.2694,0.2681,0.2767,0.2641,885340000.0,27.66,27.92,28.22,27.08,2040000.0
2020-11-16,16715.8,15954.1,16880.7,15870.7,118090.0,460.43,448.18,465.97,445.82,5620000.0,2.255,2.033,2.345,2.008,295740.0,0.2878,0.2695,0.2899,0.2675,1070000000.0000001,27.96,27.67,28.21,27.45,2360000.0
2020-11-17,17662.3,16715.8,17845.4,16562.0,175870.0,481.95,460.37,484.59,459.74,7930000.0,2.203,2.255,2.313,2.142,295740.0,0.3023,0.2879,0.3049,0.2873,1470000000.0,28.56,27.95,28.75,27.93,3060000.0
2020-11-18,17774.6,17662.3,18466.1,17258.9,233430.0,478.52,482.05,495.04,459.92,18190000.0,2.124,2.203,2.204,2.031,295740.0,0.2933,0.3023,0.3078,0.2822,1350000000.0,28.07,28.55,28.77,27.51,3080000.0
2020-11-19,17803.5,17775.1,18166.0,17380.1,135940.0,471.21,478.55,480.55,465.41,12530000.0,2.073,2.124,2.174,2.029,295740.0,0.3037,0.2932,0.307,0.284,1180000000.0,28.1,28.07,28.35,27.62,2770000.0
2020-11-20,18675.2,17805.5,18811.0,17758.4,134420.0,509.98,471.27,513.06,471.06,30850000.0,2.104,2.073,2.221,2.061,295740.0,0.33,0.3036,0.3305,0.2972,1450000000.0,28.96,28.12,29.3,28.08,3350000.0
2020-11-21,18687.2,18673.8,18966.0,18397.5,108910.0,551.91,509.94,552.13,505.14,26860000.0,2.393,2.104,2.495,2.05,295740.0,0.4634,0.3299,0.468,0.3295,3310000000.0,30.5,28.96,30.79,28.33,4240000.0
2020-11-22,18412.9,18689.3,18751.5,17644.6,121760.0,559.4,551.9,580.0,514.44,36760000.0,2.157,2.393,2.393,2.108,295740.0,0.446,0.4629,0.4954,0.4108,3840000000.0,30.04,30.49,31.12,29.0,3920000.0
2020-11-23,18379.6,18428.1,18756.8,18016.0,127350.0,609.22,559.37,610.33,551.8,49680000.0,2.274,2.157,2.341,2.129,295740.0,0.6151,0.446,0.6189,0.4329,3490000000.0,30.98,30.04,31.06,29.8,3940000.0
2020-11-24,19152.6,18394.6,19416.6,18074.8,180790.0,605.03,609.2,621.7,589.56,41110000.0,2.276,2.274,2.437,2.172,295740.0,0.6922,0.6155,0.7788,0.5775,5300000000.0,33.91,32.33,35.13,31.59,9720000.0
2020-11-25,18723.0,19151.5,19486.7,18527.7,146120.0,569.67,605.01,605.63,555.32,14500000.0,2.274,2.276,2.482,2.202,295740.0,0.6322,0.6923,0.7229,0.587,3200000000.0,31.29,33.93,35.38,30.54,6280000.0
2020-11-26,17162.0,18721.9,18894.9,16235.2,312070.0,519.32,569.69,577.08,484.03,13110000.0,1.901,2.274,2.29,1.747,295740.0,0.5359,0.6321,0.6509,0.4593,4590000000.0,28.22,31.28,31.76,26.45,8780000.0
2020-11-27,17127.1,17160.9,17450.3,16481.6,138800.0,518.11,519.69,530.41,494.65,6420000.0,1.857,1.901,1.96,1.79,295740.0,0.5612,0.5366,0.5855,0.5045,2480000000.0,28.44,28.22,28.71,27.23,3260000.0
2020-11-28,17730.7,17142.6,17874.4,16874.4,95200.0,537.74,518.7,547.94,506.97,5340000.0,1.888,1.857,1.928,1.811,295740.0,0.626,0.5614,0.6484,0.5403,2500000000.0,29.16,28.46,29.61,27.92,3540000.0
2020-11-29,18185.5,17729.7,18336.3,17530.4,79120.0,575.45,537.89,576.52,530.71,5790000.0,1.909,1.888,1.939,1.862,295740.0,0.6053,0.6258,0.6361,0.585,1770000000.0,30.09,29.15,30.45,28.92,3780000.0
2020-11-30,19698.1,18186.0,19831.2,18186.0,185590.0,615.92,575.35,615.97,571.04,51720000.0,1.967,1.909,1.999,1.909,295740.0,0.6639,0.6053,0.6769,0.5997,2270000000.0,31.49,30.1,31.59,29.72,3820000.0
2020-12-01,18770.7,19697.8,19897.4,18257.0,208720.0,585.66,616.78,635.66,567.79,49420000.0,1.978,1.967,2.131,1.943,295740.0,0.6108,0.6639,0.6795,0.5873,2040000000.0,30.21,31.42,31.88,29.23,4150000.0000000005
2020-12-02,19218.8,18767.9,19335.5,18346.7,91920.0,598.05,585.69,604.34,575.24,16210000.0,2.116,1.978,2.168,1.972,295740.0,0.6306,0.6113,0.6364,0.5955,1200000000.0,30.3,30.08,30.99,29.61,2930000.0
2020-12-03,19433.3,19219.8,19596.6,18883.7,99970.0,616.32,597.94,622.1,587.15,24000000.0,2.096,2.116,2.21,2.082,295740.0,0.6303,0.6305,0.6414,0.6151,897530000.0,30.7,30.3,30.79,29.89,2430000.0
2020-12-04,18658.1,19431.1,19529.5,18610.8,110630.0,567.91,616.33,619.61,566.34,48950000.0,1.857,2.096,2.108,1.857,295740.0,0.5535,0.6303,0.6339,0.544,1320000000.0,29.03,30.68,31.19,28.81,2670000.0
2020-12-05,19146.5,18657.5,19172.7,18507.1,59440.0,596.68,567.84,596.73,561.24,30830000.0,1.974,1.857,1.974,1.847,295740.0,0.5853,0.5536,0.5957,0.549,987020000.0,29.73,29.02,30.04,28.65,2340000.0
2020-12-06,19379.9,19146.0,19417.1,18873.0,54560.0,601.68,596.61,606.9,583.67,13140000.0,1.85,1.974,1.977,1.82,295740.0,0.6213,0.5855,0.6272,0.5803,1290000000.0,29.56,29.73,30.17,29.01,1720000.0
2020-12-07,19170.7,19368.4,19424.6,18908.8,61980.0,591.09,601.54,603.06,584.53,7720000.0,1.827,1.85,1.892,1.818,295740.0,0.6081,0.6216,0.6232,0.5914,898960000.0,29.37,29.49,29.65,29.0,1640000.0
2020-12-08,18326.6,19170.8,19288.6,18229.2,101410.0,555.05,591.03,594.78,551.08,8109999.999999999,1.682,1.827,1.827,1.675,295740.0,0.559,0.6081,0.6102,0.5519,1180000000.0,27.68,29.36,29.52,27.47,2860000.0
2020-12-09,18546.0,18322.4,18637.9,17658.8,129720.0,573.21,554.95,577.94,530.88,9100000.0,1.666,1.682,1.682,1.532,295740.0,0.5829,0.5592,0.6037,0.5041,1820000000.0,28.14,27.63,28.42,26.94,2510000.0
2020-12-10,18247.2,18546.1,18551.8,17926.8,85310.0,558.13,573.28,575.56,548.99,19600000.0,1.58,1.666,1.666,1.556,295740.0,0.5714,0.5829,0.5879,0.554,1150000000.0,27.66,28.15,28.25,27.45,1740000.0
2020-12-11,18023.6,18250.5,18288.3,17600.1,111530.0,544.17,558.15,560.28,536.43,30170000.0,1.449,1.58,1.58,1.449,295740.0,0.5479,0.5719,0.5852,0.5277,1690000000.0,27.33,27.73,27.79,26.73,1700000.0
2020-12-12,18808.9,18026.7,18936.2,18025.1,71370.0,567.78,544.16,573.59,543.9,1620000.0,1.499,1.449,1.533,1.449,295740.0,0.5059,0.5467,0.5474,0.4858,2150000000.0,28.14,27.34,28.23,27.28,1750000.0
2020-12-13,19176.8,18808.1,19403.6,18716.8,82450.0,591.09,568.07,594.83,563.37,2029999.9999999998,1.566,1.499,1.639,1.468,295740.0,0.5142,0.5059,0.5276,0.4865,1280000000.0,29.14,28.17,29.26,28.02,2180000.0
2020-12-14,19273.8,19176.4,19346.5,19007.0,67110.0,586.19,590.66,591.41,576.01,1780000.0,1.594,1.566,1.614,1.528,295740.0,0.4975,0.5139,0.5181,0.4899,869690000.0,30.03,29.14,30.18,28.66,2680000.0
2020-12-15,19434.9,19273.9,19556.3,19076.2,98390.0,588.91,586.22,596.97,579.95,1740000.0,1.755,1.594,1.785,1.592,295740.0,0.4678,0.4974,0.5071,0.4649,1260000000.0,29.51,30.03,30.35,29.33,2610000.0
2020-12-16,21352.2,19434.7,21525.3,19299.7,199810.0,637.38,588.81,638.18,580.9,3110000.0,1.785,1.755,1.785,1.636,295740.0,0.5712,0.4678,0.5734,0.4399,2500000000.0,30.56,29.51,30.62,29.04,3090000.0
2020-12-17,22825.4,21352.3,23738.0,21243.1,310740.0,643.17,637.29,675.68,627.36,3670000.0,1.676,1.785,1.791,1.664,295740.0,0.5779,0.5709,0.6586,0.5426,3450000000.0,30.22,30.56,31.51,29.76,4490000.0
2020-12-18,23127.9,22823.3,23272.8,22361.5,131800.0,653.85,643.28,664.26,630.44,2630000.0,1.696,1.676,1.7,1.647,295740.0,0.5835,0.5779,0.6124,0.5516,1960000000.0,30.96,30.22,31.21,29.69,2870000.0
2020-12-19,23844.0,23127.6,24107.1,22797.0,133880.0,658.17,654.08,669.54,645.91,2170000.0,1.667,1.696,1.754,1.667,295740.0,0.5766,0.5834,0.603,0.5665,1500000000.0,33.3,30.96,34.21,30.91,5310000.0
2020-12-20,23474.9,23843.6,24280.9,23098.9,114090.0,638.26,657.79,661.04,622.39,2110000.0,1.564,1.667,1.681,1.541,295740.0,0.5563,0.5766,0.5864,0.534,1230000000.0,34.27,33.3,35.63,32.61,5830000.0
2020-12-21,22728.5,23474.1,24101.9,22015.5,154690.0,607.85,638.28,647.87,599.97,1880000.0,1.54,1.564,1.614,1.43,295740.0,0.5145,0.556,0.5691,0.5002,1570000000.0,32.15,34.27,35.6,31.53,6150000.0
2020-12-22,23823.2,22730.4,23825.4,22388.6,130750.0,637.47,607.86,637.47,588.24,2120000.0,1.493,1.54,1.569,1.48,295740.0,0.4473,0.5144,0.5215,0.4034,2960000000.0,33.52,32.14,33.77,30.5,5010000.0
2020-12-23,23257.9,23820.8,24063.7,22694.7,178470.0,585.69,637.04,638.11,554.09,2200000.0,1.199,1.493,1.501,1.139,295740.0,0.2604,0.4468,0.4479,0.2152,8380000000.000001,31.19,33.52,34.43,30.03,5450000.0
2020-12-24,23736.5,23253.2,23783.7,22737.3,104590.0,612.34,585.47,614.92,566.15,1720000.0,1.358,1.199,1.38,1.199,295740.0,0.3378,0.2604,0.3749,0.2424,6510000000.0,32.51,31.19,32.74,30.4,3930000.0
2020-12-25,24689.6,23728.7,24778.9,23445.3,2400.0,626.93,612.38,633.9,605.01,1700000.0,1.443,1.358,1.447,1.352,295740.0,0.3182,0.3378,0.3826,0.2821,6000000000.0,33.18,32.51,33.48,31.8,3350000.0
2020-12-26,26454.4,24714.7,26826.0,24515.1,155770.0,636.58,626.99,652.36,616.04,1940000.0,1.326,1.443,1.444,1.321,295740.0,0.2946,0.318,0.3256,0.2846,3000000000.0,33.59,33.18,34.0,32.57,3170000.0
2020-12-27,26261.3,26460.3,28360.3,25858.2,231230.0,683.71,636.35,715.46,627.12,2310000.0,1.306,1.326,1.385,1.286,295740.0,0.2839,0.2946,0.3099,0.2679,2810000000.0,33.68,33.6,34.97,31.97,4900000.0
2020-12-28,27057.8,26259.2,27444.9,26144.3,126980.0,730.05,683.76,747.86,682.47,2750000.0,1.515,1.306,1.515,1.306,295740.0,0.2493,0.2839,0.3082,0.2373,2760000000.0,35.94,33.64,36.09,33.35,5580000.0
2020-12-29,27376.0,27065.3,27390.7,25902.8,119570.0,731.76,730.26,739.77,690.24,1820000.0,1.673,1.515,1.7,1.445,295740.0,0.2215,0.2492,0.25,0.1743,7620000000.0,39.1,35.94,39.7,35.31,9680000.0
2020-12-30,28868.7,27374.5,28979.3,27374.5,159820.0,751.8,732.04,757.11,720.21,1860000.0,1.534,1.673,1.673,1.534,295740.0,0.2113,0.2215,0.2353,0.1922,4720000000.0,38.1,39.14,39.21,36.84,3380000.0
2020-12-31,28949.4,28866.8,29298.8,28025.0,136690.0,735.94,751.92,755.13,724.67,1040000.0,1.514,1.534,1.546,1.437,295740.0,0.2193,0.2113,0.2285,0.2054,2810000000.0,37.34,38.1,38.19,36.73,2570000.0
2021-01-01,29359.9,28951.7,29627.1,28712.4,100900.0,729.12,735.87,748.96,715.74,1640000.0,1.837,1.514,1.837,1.507,295740.0,0.2372,0.2193,0.25,0.2164,2980000000.0,37.72,37.33,38.93,36.98,3240000.0
2021-01-02,32193.3,29359.7,33233.5,29008.0,240870.0,774.5,729.0,787.26,715.15,2250000.0,1.796,1.837,1.986,1.733,295740.0,0.221,0.2373,0.2381,0.2114,2480000000.0,38.23,37.73,38.46,36.81,3940000.0
2021-01-03,32958.9,32192.9,34755.9,32029.6,155210.0,974.97,774.54,1008.49,769.57,4019999.9999999995,2.161,1.796,2.295,1.796,295740.0,0.2248,0.2209,0.2378,0.2154,2490000000.0,41.22,38.24,41.64,37.78,6340000.0
2021-01-04,32022.6,33016.6,33587.5,28204.5,255270.0,1042.4,977.76,1158.27,894.24,5190000.0,2.489,2.161,2.489,1.945,295740.0,0.2357,0.225,0.2599,0.2177,3140000000.0,41.1,41.25,43.21,38.09,6870000.0
2021-01-05,33991.5,32015.4,34414.7,30010.5,202130.0,1099.52,1042.48,1131.56,976.91,3250000.0,2.155,2.489,2.489,2.093,295740.0,0.2254,0.2357,0.2418,0.2182,2460000000.0,41.79,41.12,41.79,38.86,4880000.0
2021-01-06,36793.2,33999.3,36934.8,33408.3,227560.0,1207.77,1099.77,1210.78,1060.67,3750000.0,1.934,2.155,2.165,1.934,295740.0,0.2487,0.2255,0.2719,0.2216,3530000000.0,42.19,41.79,42.19,40.5,5240000.0
2021-01-07,39460.2,36798.5,40340.9,36361.2,249600.0,1224.35,1208.71,1286.81,1153.09,2710000.0,2.359,1.934,2.412,1.934,295740.0,0.3235,0.2487,0.3688,0.2457,7310000000.0,43.64,42.22,44.47,41.41,6790000.0
2021-01-08,40599.3,39466.4,41921.7,36613.4,251290.0,1215.73,1224.33,1271.08,1069.25,2710000.0,3.889,2.359,3.889,2.184,295740.0,0.3208,0.3235,0.3459,0.2857,3830000000.0,42.33,43.62,43.65,40.34,4690000.0
2021-01-09,40151.9,40607.2,41363.5,38775.1,128419.99999999999,1275.58,1215.92,1301.75,1172.39,1990000.0,3.0,3.889,3.889,2.9,295740.0,0.3243,0.3207,0.339,0.3063,2380000000.0,43.83,42.33,44.02,41.51,3560000.0
2021-01-10,38192.2,40149.7,41362.4,35141.6,215780.0,1256.04,1275.87,1347.98,1180.45,2650000.0,3.053,3.0,3.7,3.0,295740.0,0.3152,0.3243,0.3666,0.2893,3310000000.0,42.43,43.84,45.12,40.14,5550000.0
2021-01-11,35544.3,38195.3,38217.2,30411.6,251040.0,1091.47,1255.84,1257.3,917.96,4190000.0000000005,3.107,3.053,3.154,2.616,295740.0,0.2875,0.315,0.3157,0.2558,3790000000.0,38.26,42.42,42.44,35.1,8520000.0
2021-01-12,34076.1,35426.0,36598.7,32572.7,241930.0,1050.19,1086.96,1149.19,1008.28,3090000.0,3.631,3.107,3.831,3.088,295740.0,0.2925,0.2875,0.309,0.2779,2380000000.0,38.25,38.16,40.01,37.13,4380000.0
2021-01-13,37382.2,34061.2,37764.6,32451.9,209930.0,1128.46,1050.2,1134.66,990.96,2250000.0,3.517,3.631,3.631,3.313,295740.0,0.3058,0.2926,0.3099,0.2854,1250000000.0,40.12,38.24,40.42,37.05,3910000.0
2021-01-14,39175.7,37383.4,40054.3,36772.1,172400.0,1226.17,1128.8,1246.52,1088.52,1550000.0,3.284,3.517,3.543,3.208,295740.0,0.2966,0.3057,0.3086,0.2836,1480000000.0,41.88,40.12,41.93,39.65,3590000.0
2021-01-15,36845.8,39175.7,39715.0,34488.7,118420.0,1171.68,1233.34,1256.13,1079.19,2850000.0,3.3,3.284,3.425,3.0,295740.0,0.2804,0.2966,0.303,0.2626,1400000000.0,40.91,41.88,42.54,38.87,3770000.0
2021-01-16,36019.5,36751.8,37931.7,35408.4,137020.0,1228.27,1172.12,1290.92,1154.04,2290000.0,3.449,3.3,3.68,3.3,295740.0,0.2795,0.2802,0.2963,0.2754,1180000000.0,43.1,40.92,44.1,40.68,3560000.0
2021-01-17,35839.6,36020.1,36801.3,33883.5,126820.0,1232.64,1228.33,1269.01,1168.39,2150000.0,3.827,3.449,3.963,3.362,295740.0,0.2774,0.2792,0.2854,0.2688,900720000.0,45.78,43.1,46.69,40.94,4260000.0
2021-01-18,36613.2,35838.2,37436.8,34801.0,111520.0,1258.06,1233.93,1260.3,1184.15,1730000.0,3.784,3.827,4.111,3.02,295740.0,0.2854,0.2774,0.2886,0.2717,904130000.0,45.35,45.91,46.88,44.07,3370000.0
2021-01-19,36002.9,36630.6,37821.0,36001.4,79110.0,1372.0,1258.1,1437.42,1252.36,2270000.0,3.647,3.784,3.996,3.622,295740.0,0.2946,0.2854,0.3279,0.2841,2069999999.9999998,42.62,45.36,47.19,41.75,5770000.0
2021-01-20,35476.3,35862.1,36384.4,33444.5,153610.0,1377.53,1372.0,1406.56,1237.27,3050000.0,3.723,3.647,3.726,3.382,295740.0,0.2953,0.2945,0.3104,0.2804,1500000000.0,42.57,42.6,42.76,40.29,4230000.0
2021-01-21,30842.1,35472.3,35591.1,30101.8,253270.0,1117.33,1377.63,1387.39,1095.26,2760000.0,2.985,3.723,3.723,2.985,295740.0,0.2681,0.2953,0.3072,0.2605,1630000000.0,38.68,42.57,42.63,38.37,3880000.0
2021-01-22,33000.5,30838.7,33821.2,28871.2,243090.0,1234.58,1118.01,1272.85,1045.02,2940000.0,3.339,2.985,3.485,2.661,295740.0,0.2726,0.2681,0.2782,0.2416,1490000000.0,40.87,38.69,41.35,36.92,3470000.0
2021-01-23,32088.9,32994.1,33441.4,31418.2,100700.0,1233.4,1234.34,1271.65,1196.94,1460000.0,3.501,3.339,3.583,3.328,295740.0,0.2717,0.2725,0.283,0.2657,798560000.0,40.92,40.87,41.83,39.5,2790000.0
2021-01-24,32241.3,32088.5,33034.8,30982.9,88210.0,1390.28,1233.41,1398.0,1222.14,2300000.0,3.624,3.501,3.78,3.501,295740.0,0.2732,0.2716,0.2778,0.2686,645080000.0,41.82,40.92,42.2,40.36,2590000.0
2021-01-25,32252.3,32244.3,34854.3,31967.4,142430.0,1317.9,1390.69,1474.68,1298.13,2770000.0,3.72,3.624,3.953,3.473,295740.0,0.2676,0.2732,0.2839,0.2671,837930000.0,41.78,41.82,43.38,40.57,3140000.0
2021-01-26,32502.1,32244.1,32917.7,30850.0,139840.0,1366.27,1317.67,1377.94,1246.45,2560000.0,4.037,3.72,4.062,3.714,295740.0,0.2684,0.2676,0.2708,0.2581,636910000.0,41.74,41.78,42.51,39.87,3240000.0
2021-01-27,30404.0,32499.6,32545.4,29290.4,194350.0,1247.62,1366.14,1372.31,1210.4,2900000.0,3.688,4.037,4.037,3.652,295740.0,0.2507,0.2684,0.2686,0.2444,773600000.0,40.99,41.74,42.05,39.67,2930000.0
2021-01-28,33374.8,30408.9,33790.8,29911.9,167390.0,1328.47,1247.67,1359.51,1221.15,814310.0,3.819,3.688,3.907,3.62,295740.0,0.2641,0.2507,0.27,0.2473,765960000.0,42.47,40.97,43.08,40.36,3350000.0
2021-01-29,34301.8,33381.7,38546.0,31953.3,297730.0,1379.3,1329.16,1436.27,1288.26,3330000.0,3.842,3.819,3.871,3.638,295740.0,0.2828,0.2641,0.3166,0.2604,3050000000.0,42.87,42.48,44.0,41.84,3910000.0
2021-01-30,34283.1,34300.0,34920.9,32908.5,128570.0,1376.96,1379.78,1405.78,1327.66,1590000.0,4.232,3.842,4.271,3.797,295740.0,0.443,0.2828,0.5088,0.2788,9310000000.0,44.76,42.88,45.09,42.6,3240000.0
2021-01-31,33108.1,34281.6,34348.3,32189.9,101920.0,1312.73,1377.05,1380.04,1282.41,1540000.0,4.268,4.232,4.781,4.197,295740.0,0.4949,0.4433,0.5077,0.3901,6960000000.0,44.27,44.77,45.78,43.35,2920000.0
2021-02-01,33515.7,33106.8,34685.6,32324.9,126320.0,1373.4,1312.69,1376.44,1272.09,1650000.0,4.622,4.268,4.622,4.128,295740.0,0.3716,0.4949,0.7536,0.3615,13390000000.0,51.42,44.31,52.32,43.43,7970000.0
2021-02-02,35485.2,33514.0,35976.1,33462.4,120850.0,1511.36,1373.31,1546.88,1361.63,2730000.0,5.257,4.622,5.335,4.489,295740.0,0.3723,0.3716,0.4107,0.3413,3530000000.0,50.99,51.42,52.99,49.26,5780000.0
2021-02-03,37646.8,35486.9,37646.8,35401.5,131030.0,1664.34,1511.96,1667.93,1510.27,2270000.0,5.719,5.257,5.77,5.097,295740.0,0.3973,0.3723,0.417,0.3723,2250000000.0,52.13,50.99,52.56,49.82,3410000.0
2021-02-04,36982.1,37648.9,38707.9,36380.8,151440.0,1594.0,1664.19,1693.64,1570.45,2340000.0,6.42,5.722,6.511,5.61,295740.0,0.4443,0.3973,0.4797,0.3807,3590000000.0,55.66,52.15,56.65,51.46,4520000.0
2021-02-05,38297.6,36976.4,38303.6,36640.0,100600.0,1719.2,1593.91,1760.09,1589.28,1800000.0,6.5,6.421,7.077,4.848,295740.0,0.4518,0.4445,0.4708,0.4263,2410000000.0,67.75,55.66,68.72,55.66,5750000.0
2021-02-06,39256.6,38300.6,40939.7,38275.3,156020.0,1676.63,1719.11,1742.9,1648.03,1780000.0,6.12,6.5,6.89,5.788,295740.0,0.4427,0.4518,0.4559,0.4269,1310000000.0,72.58,67.74,75.43,61.96,8970000.0
2021-02-07,38852.9,39228.9,39691.7,37381.6,125370.0,1612.99,1676.62,1692.29,1491.68,1940000.0,6.704,6.12,6.846,5.817,295740.0,0.4184,0.4427,0.4503,0.3979,1750000000.0,68.4,72.86,74.62,64.35,6250000.0
2021-02-08,46395.7,38853.6,46596.4,38057.0,248470.0,1750.18,1612.98,1775.12,1566.43,2170000.0,7.879,6.704,8.039,6.498,295740.0,0.4508,0.4184,0.4667,0.4128,1820000000.0,79.71,68.41,79.75,67.72,8520000.0
2021-02-09,46508.6,46396.4,48143.5,45104.7,193870.0,1770.63,1750.19,1818.94,1711.4,1940000.0,7.836,7.879,8.444,7.654,295740.0,0.4764,0.4508,0.4894,0.4499,1990000000.0,107.6,79.73,115.33,78.23,13650000.0
2021-02-10,44836.0,46507.8,47295.3,43800.5,151830.0,1742.09,1770.81,1835.4,1683.52,2009999.9999999998,8.95,7.836,9.06,7.557,295740.0,0.5047,0.4764,0.5398,0.4534,3360000000.0,128.72,107.61,148.27,107.61,18370000.0
2021-02-11,47990.7,44834.8,48622.1,44041.1,145770.0,1786.35,1742.11,1817.68,1704.97,1560000.0,9.185,8.95,10.1,8.875,295740.0,0.5282,0.5047,0.535,0.5015,1530000000.0,124.03,128.73,132.76,118.07,6540000.0
2021-02-12,47371.7,47995.0,48927.4,46218.6,133730.0,1841.02,1786.74,1862.17,1741.04,1750000.0,9.21,9.185,9.914,9.08,295740.0,0.6089,0.5282,0.619,0.5196,2580000000.0,136.52,124.03,140.93,121.1,6220000.0
2021-02-13,47168.7,47373.1,48097.3,46270.5,89420.0,1815.49,1840.9,1871.36,1766.05,1440000.0,8.669,9.21,9.488,8.669,295740.0,0.633,0.6089,0.6421,0.5477,2480000000.0,133.07,136.64,138.47,125.07,4200000.0
2021-02-14,48643.4,47172.1,49695.1,47051.9,106500.0,1801.78,1815.44,1850.0,1787.11,1430000.0,8.735,8.669,9.116,8.604,295740.0,0.5925,0.6335,0.6379,0.5652,1590000000.0,135.98,133.09,138.78,128.53,4900000.0
2021-02-15,47936.3,48611.1,48936.5,45786.1,123180.0,1778.82,1800.6,1835.51,1661.09,1940000.0,8.846,8.735,9.29,7.904,295740.0,0.5494,0.5924,0.6039,0.5112,2029999999.9999998,129.98,135.97,142.07,118.64,5260000.0
2021-02-16,49169.7,47934.2,50515.8,47044.4,141370.0,1781.69,1778.63,1827.07,1726.78,1480000.0,8.3,8.846,8.899,8.081,295740.0,0.5196,0.5494,0.579,0.4862,1780000000.0,130.09,129.99,133.43,126.34,3570000.0
2021-02-17,52079.2,49161.3,52577.7,49018.1,140030.0,1847.95,1781.44,1854.03,1734.15,1690000.0,8.236,8.3,8.41,7.634,295740.0,0.534,0.5199,0.5559,0.4938,1410000000.0,165.38,130.09,175.33,126.91,10820000.0
2021-02-18,51582.2,52094.5,52524.0,50941.6,94350.0,1934.16,1849.95,1950.04,1849.05,881870.0,8.984,8.236,9.17,8.236,295740.0,0.5306,0.5344,0.5595,0.5214,1120000000.0,195.74,165.38,199.66,163.11,11910000.0
2021-02-19,55906.6,51590.1,56238.5,50816.8,139430.0,1955.59,1934.17,1968.93,1892.7,1780000.0,11.444,8.984,11.499,8.644,295740.0,0.5633,0.5319,0.5791,0.5149,1600000000.0,332.74,195.74,346.82,195.07,21230000.0
2021-02-20,55923.7,55922.0,57523.8,54124.1,127850.0,1913.88,1955.54,2040.79,1800.0,2290000.0,10.005,11.444,11.444,9.924,295740.0,0.512,0.5648,0.5811,0.4752,1900000000.0,254.36,332.74,334.15,223.93,14420000.0
2021-02-21,57433.8,55907.6,58335.1,55502.7,87260.0,1933.45,1912.97,1974.99,1885.7,1470000.0,11.074,10.005,11.495,10.005,295740.0,0.5439,0.512,0.5573,0.5052,1480000000.0,293.76,254.33,308.54,249.64,11490000.0
2021-02-22,54111.8,57437.6,57480.8,48353.8,244950.0,1777.28,1933.52,1935.04,1561.68,2680000.0,14.512,11.074,14.512,9.78,295740.0,0.5658,0.5439,0.6462,0.5163,5430000000.0,267.43,293.77,295.15,222.44,13340000.0
2021-02-23,48911.2,54114.1,54115.0,45093.8,315070.0,1578.11,1777.25,1781.44,1370.45,3600000.0,15.089,14.512,16.11,12.003,295740.0,0.4749,0.5658,0.5706,0.3672,4219999999.9999995,231.72,267.42,268.69,188.71,16500000.0
2021-02-24,49697.5,48911.1,51311.8,47031.7,153750.0,1623.71,1578.27,1711.16,1505.79,2190000.0,17.167,15.089,20.0,14.0,295740.0,0.4692,0.4761,0.4993,0.4517,1560000000.0,254.26,231.71,280.66,213.89,12300000.0
2021-02-25,46928.5,49695.9,52013.8,46773.7,83220.0,1476.15,1623.76,1669.24,1460.92,1750000.0,14.0,17.167,17.616,14.0,295740.0,0.4356,0.4685,0.4815,0.426,1080000000.0,233.7,254.26,264.46,232.19,7220000.0
2021-02-26,46345.6,46928.5,48413.9,44248.2,189410.0,1445.44,1476.77,1561.66,1403.3,2130000.0,13.576,14.0,15.352,13.368,295740.0,0.4278,0.4359,0.4503,0.413,1420000000.0,222.08,233.7,238.71,209.98,7820000.0
2021-02-27,46136.7,46333.1,48335.1,45059.4,98750.0,1458.93,1445.69,1527.69,1427.15,1560000.0,13.215,13.576,14.45,13.157,295740.0,0.4357,0.4278,0.4579,0.4278,896320000.0,225.07,222.08,237.7,219.32,4460000.0
2021-02-28,45164.0,46136.0,46582.0,43100.6,135080.0,1418.76,1458.84,1467.76,1294.79,2069999.9999999998,13.063,13.215,13.658,11.572,295740.0,0.4153,0.4358,0.4379,0.3934,1050000000.0,210.04,225.54,228.47,195.22,6000000.0
2021-03-01,49595.5,45160.5,49774.0,45008.8,137520.0,1570.03,1418.91,1571.15,1411.55,1920000.0,14.983,13.063,15.378,13.063,295740.0,0.4455,0.4157,0.4526,0.4123,927260000.0,254.72,210.04,259.51,209.51,8320000.0
2021-03-02,48424.2,49595.6,50191.9,47100.6,102100.0,1488.62,1570.0,1602.13,1457.22,1740000.0,13.974,14.983,15.182,13.522,295740.0,0.4358,0.4455,0.4541,0.423,920490000.0,239.46,254.73,264.41,227.61,5710000.0
2021-03-03,50395.1,48422.2,52567.9,48159.2,44930.0,1571.05,1488.8,1653.04,1477.72,1170000.0,14.131,13.975,14.562,13.846,295740.0,0.4484,0.4358,0.4672,0.4314,917030000.0,240.85,239.48,254.37,236.51,4510000.0
2021-03-04,48428.0,50388.0,51757.7,47521.8,9560.0,1538.61,1567.84,1623.73,1506.86,1700000.0,13.112,14.131,14.142,12.806,295740.0,0.4809,0.4484,0.4938,0.4362,1830000000.0,229.7,240.62,249.66,225.65,4240000.0
2021-03-05,48792.5,48363.6,49429.4,46370.1,113640.0,1530.29,1539.73,1548.71,1443.32,1670000.0,12.572,13.112,13.112,12.218,295740.0,0.455,0.4809,0.4828,0.4466,1170000000.0,225.63,229.69,230.91,215.91,3900000.0
2021-03-06,48855.6,48798.7,49191.8,47132.8,66660.0,1649.19,1530.24,1670.01,1514.62,2069999.9999999998,12.924,12.572,13.162,11.99,295740.0,0.463,0.455,0.4702,0.4499,575650000.0,226.26,225.64,232.25,219.73,2840000.0
2021-03-07,50982.3,48899.0,51434.1,48890.6,82910.0,1728.1,1650.94,1732.84,1634.73,1690000.0,13.791,12.924,13.949,12.717,295740.0,0.4653,0.463,0.4686,0.4573,505070000.0,240.02,226.26,243.72,225.2,3710000.0
2021-03-08,52311.0,50988.9,52384.9,49338.1,68140.0,1831.49,1727.17,1841.05,1665.54,1970000.0,13.598,13.791,13.837,13.072,295740.0,0.4736,0.4653,0.4876,0.4553,1000000000.0,240.59,240.03,242.78,229.09,3210000.0
2021-03-09,54879.0,52352.4,54880.6,51941.3,114060.0,1869.1,1831.57,1869.1,1801.29,1580000.0,14.86,13.598,14.973,13.361,295740.0,0.485,0.474,0.4866,0.4718,685950000.0,292.99,240.59,297.08,235.87,8180000.0
2021-03-10,55851.9,54882.7,57328.7,53073.6,140960.0,1794.14,1869.32,1875.98,1759.5,1660000.0,14.235,14.86,14.86,14.134,295740.0,0.4616,0.485,0.488,0.456,867450000.0,278.15,293.0,295.31,268.74,6320000.0
2021-03-11,57799.5,55851.2,58135.0,54351.8,129630.0,1825.79,1794.28,1845.32,1729.05,1580000.0,15.987,14.235,16.339,13.74,295740.0,0.4516,0.4616,0.4641,0.441,752190000.0,290.07,278.15,314.44,272.98,6910000.0
2021-03-12,57265.1,57806.2,58052.3,55134.5,116960.0,1766.9,1827.44,1841.19,1723.18,1520000.0,14.552,15.987,16.454,14.36,295740.0,0.4394,0.4519,0.4639,0.4251,969060000.0,263.42,290.07,290.22,251.44,6190000.0
2021-03-13,61195.3,57267.4,61795.8,56118.8,134640.0,1921.13,1767.05,1943.36,1730.46,1790000.0,15.37,14.552,15.37,13.896,295740.0,0.4577,0.4394,0.4651,0.4327,815650000.0,275.89,263.42,283.56,255.95,4110000.0000000005
2021-03-14,59113.7,61192.7,61673.7,59113.7,80290.0,1849.06,1921.29,1932.36,1836.78,671560.0,14.555,15.37,15.37,14.38,295740.0,0.4393,0.4577,0.4615,0.4393,609220000.0,264.25,275.89,276.77,264.25,2580000.0
2021-03-15,55791.3,59117.4,60565.9,55088.8,117710.0,1792.38,1848.18,1890.59,1745.04,1700000.0,14.28,14.555,14.7,13.808,295740.0,0.4357,0.4391,0.4481,0.4235,805420000.0,254.22,264.21,267.59,250.05,3540000.0
2021-03-16,56889.7,55619.5,56889.7,53342.6,128509.99999999999,1804.85,1792.08,1817.35,1715.97,1810000.0,13.805,14.28,14.28,13.3,295740.0,0.4604,0.4357,0.5198,0.4275,2300000000.0,258.28,254.24,259.13,241.44,3190000.0
2021-03-17,58913.5,56892.9,58933.2,54253.2,118260.0,1823.35,1804.56,1837.88,1743.62,1500000.0,13.99,13.805,14.2,13.367,295740.0,0.47,0.4604,0.4816,0.4544,913270000.0,269.86,258.29,271.04,249.02,3020000.0
2021-03-18,57656.0,58911.8,60088.0,57099.6,102620.0,1776.08,1823.72,1849.23,1760.83,1530000.0,14.328,13.99,14.703,13.99,295740.0,0.4689,0.47,0.4903,0.4658,837870000.0,261.09,269.85,277.73,257.7,3330000.0
2021-03-19,58088.0,57645.0,59448.3,56305.1,83980.0,1809.64,1775.87,1848.88,1735.42,1200000.0,14.287,14.328,14.437,14.034,295740.0,0.4667,0.4688,0.4749,0.4598,529830000.00000006,263.15,261.28,269.0,255.39,2410000.0
2021-03-20,58093.4,58084.1,59882.1,57863.0,67830.0,1804.6,1809.09,1868.09,1801.6,27030.0,14.27,14.287,14.838,14.202,295740.0,0.5245,0.4665,0.5497,0.4647,1850000000.0,264.1,263.14,274.49,261.65,2520000.0
2021-03-21,57383.8,58097.4,58583.8,55583.3,77470.0,1783.72,1804.6,1815.85,1748.47,1430000.0,14.18,14.27,14.3,13.714,295740.0,0.5167,0.5246,0.5462,0.4958,1390000000.0,264.74,264.39,267.92,257.12,2120000.0
2021-03-22,54158.3,57379.3,58379.9,53784.2,95530.0,1682.37,1783.58,1806.62,1659.28,1580000.0,14.888,14.18,16.54,14.18,295740.0,0.5441,0.5165,0.5995,0.5024,2710000000.0,255.03,264.74,276.81,253.43,3440000.0
2021-03-23,54452.5,54117.5,55813.8,52992.3,84840.0,1667.9,1681.5,1720.01,1654.14,1460000.0,14.193,14.888,15.194,14.193,295740.0,0.5504,0.5441,0.5956,0.5383,1770000000.0,255.43,254.85,262.75,252.27,2820000.0
2021-03-24,52325.4,54309.1,57169.4,51725.4,137910.0,1582.38,1668.42,1739.82,1546.48,1880000.0,13.629,14.184,15.257,13.628,295740.0,0.4821,0.5504,0.5624,0.4539,1560000000.0,248.59,255.45,268.6,240.41,3500000.0
2021-03-25,51322.3,52330.0,53175.4,50441.3,143350.0,1586.54,1582.23,1621.32,1550.11,1540000.0,12.988,13.629,13.629,12.679,295740.0,0.5109,0.4801,0.5239,0.4603,1560000000.0,234.25,248.6,249.72,225.9,3740000.0
2021-03-26,55036.1,51317.4,55074.1,51302.0,100300.0,1698.6,1586.36,1699.27,1586.28,1640000.0,14.75,12.988,14.75,12.422,295740.0,0.563,0.5109,0.5752,0.5105,1300000000.0,254.99,233.96,255.09,233.95,2790000.0
2021-03-27,55862.9,55033.8,56531.1,54010.2,73870.0,1713.01,1698.68,1731.73,1667.12,1400000.0,16.506,14.75,16.527,14.75,295740.0,0.5479,0.5634,0.5741,0.5345,738340000.0,269.32,254.99,275.91,249.86,3290000.0
2021-03-28,55765.2,55856.9,56504.2,54711.3,58710.0,1686.8,1712.89,1724.74,1661.92,1310000.0,18.22,16.506,24.4,16.347,295740.0,0.5457,0.5479,0.5599,0.5403,531130000.0,268.87,269.31,281.24,261.24,3500000.0
2021-03-29,57616.2,55764.7,58392.6,54951.1,107910.0,1816.69,1686.88,1839.41,1678.38,1940000.0,18.878,18.22,18.909,17.715,295740.0,0.5654,0.5456,0.57,0.5437,835170000.0,275.12,268.87,277.49,264.92,2900000.0
2021-03-30,58771.3,57614.6,59366.9,57077.1,86210.0,1841.01,1816.92,1857.65,1788.6,3030000.0,19.156,18.878,21.4,18.878,295740.0,0.5622,0.5654,0.5854,0.5592,899980000.0,311.41,275.12,311.41,271.3,5780000.0
2021-03-31,58763.7,58771.4,59795.6,56991.6,98060.0,1917.99,1841.01,1945.4,1774.66,2590000.0,19.437,19.156,19.677,18.534,295740.0,0.5696,0.5622,0.5759,0.5309,1160000000.0,302.18,311.41,316.44,287.24,4950000.0
2021-04-01,58718.3,58763.2,59406.5,58040.7,69040.0,1967.96,1918.82,1983.84,1897.38,2080000.0,19.07,19.437,20.6,18.66,295740.0,0.5705,0.5696,0.5918,0.5507,1130000000.0,334.33,302.19,339.0,300.79,4610000.0
2021-04-02,58977.3,58718.2,60134.9,58466.5,72370.0,2134.55,1968.12,2144.11,1949.99,2470000.0,19.749,19.07,19.749,18.612,295740.0,0.6068,0.5706,0.609,0.5657,1270000000.0,338.25,334.33,356.51,326.06,4450000.0
2021-04-03,57059.9,58976.8,59770.5,56906.7,68740.0,2008.59,2134.66,2137.68,2004.4,2009999.9999999998,22.466,19.749,23.397,19.749,295740.0,0.5789,0.6068,0.6414,0.5747,1590000000.0,321.53,338.82,348.99,316.06,3290000.0
2021-04-04,58199.9,57059.7,58464.8,56470.6,57210.0,2075.94,2007.82,2091.31,1982.0,1590000.0,23.876,22.466,25.308,22.278,295740.0,0.6349,0.5789,0.6356,0.5688,1000000000.0,349.37,321.91,352.21,316.54,2900000.0
2021-04-05,58993.4,58202.3,59205.1,56842.7,54130.0,2106.41,2076.14,2127.89,2004.05,2310000.0,22.957,23.876,24.463,22.906,295740.0,0.9132,0.6349,0.9356,0.6196,5220000000.0,367.41,349.36,379.45,335.86,3670000.0
2021-04-06,57996.3,59169.0,59487.0,57403.3,77150.0,2111.53,2108.81,2150.78,2047.48,1930000.0,24.971,22.957,24.994,21.913,295740.0,1.0906,0.9133,1.1147,0.8132,6430000000.0,402.69,367.41,411.6,364.2,4690000.0
2021-04-07,55948.7,57996.3,58627.7,55489.3,110690.0,1961.46,2112.41,2128.25,1939.64,2300000.0,26.478,24.971,27.304,23.364,295740.0,0.9166,1.0914,1.1013,0.8597,3880000000.0,375.47,402.69,414.08,358.2,6400000.0
2021-04-08,58077.4,55948.0,58136.7,55721.6,64780.0,2079.92,1962.44,2084.08,1951.83,1730000.0,27.723,26.478,29.0,23.5,295740.0,1.0578,0.9166,1.072,0.9042,2029999999.9999998,417.71,375.47,421.63,372.48,4250000.0
2021-04-10,59748.4,58127.4,61229.0,57900.0,103720.0,2133.79,2067.26,2197.73,2058.23,2089999.9999999998,26.79,27.377,27.377,26.046,295740.0,1.3743,1.0191,1.3953,1.0071,4310000000.0,472.25,453.5,486.69,451.23,4810000.0
2021-04-11,59978.7,59772.4,60667.1,59250.3,58200.0,2151.42,2133.89,2164.76,2114.55,1970000.0,27.812,26.79,28.471,25.726,295740.0,1.355,1.3743,1.4901,1.3084,3150000000.0,525.54,471.54,528.95,459.5,3770000.0
2021-04-12,59863.8,59982.1,61259.9,59569.2,81880.0,2137.81,2150.79,2199.52,2103.73,2160000.0,28.547,27.812,29.45,27.043,295740.0,1.4677,1.3548,1.4719,1.3197,1780000000.0,598.62,525.54,636.11,515.56,9530000.0
2021-04-13,63540.9,59863.6,63659.0,59839.4,126560.0,2299.93,2137.55,2315.47,2136.49,2380000.0,27.75,28.547,29.5,25.274,295740.0,1.7963,1.4684,1.8863,1.4212,4050000000.0,550.1,596.59,602.31,533.3,5620000.0
2021-04-14,62980.4,63544.2,64778.0,61366.3,130430.0,2431.56,2299.25,2445.4,2281.49,2110000.0,26.465,27.75,31.0,24.962,295740.0,1.8363,1.7961,1.9633,1.5703,3580000000.0,549.61,550.13,590.36,525.39,4360000.0
2021-04-15,63216.0,62978.6,63729.1,62067.5,76970.0,2514.22,2432.9,2541.9,2402.75,1910000.0,27.001,26.465,27.626,25.4,295740.0,1.7578,1.8356,1.8841,1.6585,1840000000.0,542.31,549.65,556.32,534.85,2410000.0
2021-04-16,61379.7,63211.6,63518.5,60027.3,136850.0,2423.18,2514.55,2544.54,2302.3,2080000.0,25.342,27.001,27.891,25.096,295740.0,1.5475,1.7584,1.804,1.4407,2860000000.0,508.73,542.3,547.51,491.21,4330000.0
2021-04-17,60041.9,61358.3,62509.1,59672.1,84080.0,2318.33,2424.12,2493.93,2314.12,1730000.0,25.096,25.342,26.497,25.096,295740.0,1.5406,1.5477,1.7388,1.5331,1740000000.0,515.13,508.25,547.78,506.9,3060000.0
2021-04-18,56207.1,60043.2,60362.1,51817.6,216810.0,2237.17,2317.88,2338.53,1948.93,2760000.0,28.3,25.096,32.98,22.698,295740.0,1.4079,1.5396,1.5627,1.1619,3480000000.0,481.42,515.1,520.0,429.96,4660000.0
2021-04-19,55646.1,56208.1,57517.0,54272.3,117510.0,2160.63,2236.1,2275.87,2081.3,1900000.0,28.8,28.3,35.497,28.3,295740.0,1.3092,1.4081,1.5308,1.2565,2640000000.0,503.97,481.47,539.96,469.31,5230000.0
2021-04-20,56483.2,55645.1,57054.9,53422.5,115490.0,2332.14,2161.06,2345.18,2058.0,1860000.0,31.752,28.8,32.232,26.0,295740.0,1.3861,1.3094,1.4452,1.1831,2450000000.0,587.5,503.98,588.98,474.35,5960000.0
2021-04-21,53820.2,56479.5,56764.4,53657.6,100260.0,2360.81,2331.84,2467.51,2238.15,2100000.0,32.536,31.752,34.819,30.549,295740.0,1.2905,1.3861,1.4624,1.2829,2000000000.0,543.34,587.45,612.86,537.64,5960000.0
2021-04-22,51729.5,53821.3,55408.4,50590.9,168130.0,2401.1,2360.32,2642.99,2313.46,3170000.0,39.015,32.536,40.262,32.536,295740.0,1.1589,1.2907,1.4176,1.1043,2740000000.0,505.84,543.3,582.15,482.81,6690000.0
2021-04-23,51143.6,51707.1,52099.9,47659.4,214460.0,2367.31,2398.95,2440.21,2119.26,3460000.0,36.006,39.015,41.0,31.0,295740.0,1.1702,1.1586,1.1959,0.8937,4240000000.0,526.56,505.12,529.95,450.94,7190000.0
2021-04-24,50088.9,51140.8,51183.0,48775.2,82250.0,2215.93,2367.35,2367.46,2159.6,1610000.0,40.849,36.006,42.06,35.135,295740.0,1.0501,1.1703,1.171,1.0233,1690000000.0,497.5,526.52,527.18,483.39,3160000.0
2021-04-25,48963.6,50088.2,50532.4,47098.5,59200.0,2316.48,2217.23,2355.2,2169.91,1020000.0,47.466,40.849,48.085,40.0,295740.0,1.0338,1.0501,1.1536,0.9509,1740000000.0,504.29,497.46,516.91,479.4,2640000.0
2021-04-26,54020.5,48963.5,54320.9,48815.9,129759.99999999999,2533.12,2320.63,2539.8,2305.97,1790000.0,44.5,47.466,48.36,43.504,295740.0,1.367,1.0338,1.3688,1.0179,2940000000.0,535.23,504.29,549.96,502.41,3250000.0
2021-04-27,55036.5,54011.1,55427.8,53345.0,84080.0,2665.24,2531.07,2677.95,2484.44,1450000.0,43.253,44.5,46.167,42.83,295740.0,1.4017,1.3667,1.4583,1.3324,2400000000.0,568.8,535.22,578.33,525.76,2950000.0
2021-04-28,54841.4,55036.0,56419.9,53876.4,86960.0,2746.54,2665.83,2759.03,2562.74,1740000.0,44.97,43.253,46.245,41.448,295740.0,1.358,1.4018,1.4466,1.2876,1770000000.0,562.49,568.8,578.8,539.59,2670000.0
2021-04-29,53560.8,54838.6,55173.7,52400.0,83900.0,2757.36,2746.51,2797.52,2670.35,1650000.0,42.637,44.97,45.365,41.762,295740.0,1.3981,1.3579,1.4171,1.3281,1370000000.0,600.38,563.22,614.64,554.73,4730000.0
2021-04-30,57720.3,53562.3,57925.6,53088.7,103740.0,2772.78,2757.02,2797.61,2726.03,1520000.0,42.586,42.614,42.614,42.586,295740.0,1.5971,1.3981,1.6352,1.376,2260000000.0,623.33,599.89,627.71,586.03,3750000.0
2021-05-01,57807.1,57719.1,58449.4,57029.5,63410.0,2944.66,2772.27,2951.74,2753.6,1510000.0,49.61,42.967,49.61,42.967,295740.0,1.6507,1.5985,1.6646,1.5292,1110000000.0,619.84,623.25,643.21,611.49,2720000.0
2021-05-02,56603.8,57807.2,57868.4,56110.5,53610.0,2950.33,2945.04,2984.52,2854.12,1300000.0,46.913,49.61,49.61,46.913,306790.0,1.5611,1.6507,1.6535,1.5321,947880000.0,621.95,619.91,628.93,595.75,2350000.0
2021-05-03,57169.8,56605.8,58925.1,56562.4,89240.0,3429.37,2950.07,3451.44,2950.07,2320000.0,45.904,46.913,46.913,45.904,297970.0,1.5547,1.5611,1.6191,1.5241,1050000000.0,676.56,621.96,679.98,621.56,3140000.0
2021-05-04,53741.5,57170.6,57201.3,53741.5,132330.0,3286.71,3429.48,3516.34,3188.9,2740000.0,42.705,45.904,45.904,42.705,280590.0,1.3966,1.5546,1.557,1.3549,2180000000.0,619.96,676.25,677.67,619.79,4130000.0
2021-05-05,57441.3,53872.5,57936.4,53872.5,119820.0,3522.76,3284.31,3540.78,3228.86,1870000.0,44.883,42.705,44.883,42.705,285330.0,1.614,1.3975,1.6207,1.3975,2009999999.9999998,650.99,620.81,656.35,620.55,2550000.0
2021-05-06,56405.4,57441.0,58364.9,55294.5,109020.0,3489.52,3522.74,3601.59,3380.6,1510000.0,43.446,44.883,44.883,43.446,276990.0,1.6029,1.6139,1.76,1.5453,2370000000.0,633.28,650.81,653.58,620.02,2350000.0
2021-05-07,57337.2,56411.4,58639.3,55300.1,110010.0,3481.22,3490.83,3583.34,3363.56,1350000.0,43.001,43.446,43.446,43.001,284870.0,1.581,1.603,1.6896,1.5115,1440000000.0,624.02,633.99,644.14,612.12,2260000.0
2021-05-08,58840.1,57330.3,59471.1,56972.2,101270.0,3905.55,3479.81,3952.88,3453.37,1340000.0,45.674,43.001,45.674,43.001,267700.0,1.5624,1.5809,1.6261,1.5415,796720000.0,646.18,624.35,657.77,618.73,2330000.0
2021-05-09,58238.3,58840.6,59227.0,56414.4,103590.0,3922.23,3905.69,3979.77,3734.44,1940000.0,44.304,45.674,45.674,44.304,301310.0,1.5345,1.5623,1.5932,1.4482,1160000000.0,661.65,646.17,678.27,631.44,2450000.0
2021-05-10,55848.9,58251.2,59523.9,53678.3,142610.0,3947.9,3923.48,4203.98,3669.84,2700000.0,42.829,44.304,44.304,42.829,297730.0,1.391,1.5345,1.6261,1.2369,1900000000.0,631.68,661.65,690.87,592.52,3240000.0
2021-05-11,56695.7,55846.1,56871.1,54550.4,96470.0,4167.78,3948.66,4177.53,3781.86,1270000.0,44.622,42.829,44.622,40.555,287060.0,1.478,1.3911,1.4868,1.3587,1180000000.0,672.26,631.66,672.98,622.87,2780000.0
2021-05-12,49384.2,56694.5,57938.5,49187.0,160740.0,3811.77,4173.61,4366.1,3794.15,2780000.0,43.017,44.622,47.534,43.017,276940.0,1.2683,1.4781,1.5435,1.2431,1650000000.0,585.6,671.61,684.51,585.35,2920000.0
2021-05-13,49704.6,49398.2,51337.3,46331.1,236710.0,3719.62,3807.5,4031.99,3539.96,3210000.0,40.233,43.017,44.49,40.233,115240.0,1.3614,1.269,1.3888,1.2054,2140000000.0000002,571.76,585.61,632.91,527.16,5740000.0
2021-05-14,49839.8,49704.9,51459.2,48874.0,118840.0,4075.38,3719.46,4171.76,3694.54,2060000.0,42.781,40.233,42.781,40.233,129820.0,1.4034,1.3616,1.4433,1.3225,1190000000.0,602.46,571.76,614.69,566.69,2300000.0
2021-05-15,46708.8,49839.1,50640.9,46650.2,131910.0,3641.65,4074.57,4129.99,3639.12,1940000.0,43.455,42.781,43.455,42.781,363070.0,1.4859,1.4023,1.5799,1.3246,2300000000.0,562.85,602.44,610.39,560.58,2380000.0
2021-05-16,46426.4,46729.3,49764.3,43920.8,180070.0,3582.12,3643.67,3877.2,3351.92,2280000.0,46.98,43.455,46.98,43.455,85000.0,1.4497,1.4859,1.6087,1.3489,2210000000.0,563.41,562.84,606.53,535.01,3070000.0
2021-05-17,43541.3,46424.2,46545.4,42201.5,274760.0,3279.68,3582.19,3582.27,3130.12,2850000.0,46.837,46.98,46.98,46.837,227850.0,1.4959,1.4483,1.5626,1.3264,2400000000.0,511.76,563.37,563.38,484.3,4240000.0
2021-05-18,42897.3,43538.5,45770.9,42293.9,154960.0,3377.55,3280.5,3558.57,3244.93,2300000.0,56.083,46.837,56.083,46.837,303010.0,1.5905,1.4959,1.6998,1.4742,2670000000.0,508.28,511.79,533.45,496.65,2860000.0
2021-05-19,36720.5,42898.3,43516.6,30261.7,607100.0,2435.69,3376.22,3434.01,1922.25,6420000.0,35.698,56.083,56.083,35.698,328540.0,1.0617,1.5905,1.6429,0.8754,5030000000.0,335.12,508.27,515.55,282.3,11920000.0
2021-05-20,40717.2,36706.8,42425.9,35010.4,269750.0,2777.55,2436.59,2988.52,2163.4,4330000.0,44.748,35.698,44.748,35.698,320880.0,1.1796,1.0616,1.2645,0.9119,3040000000.0,392.64,335.09,423.5,287.48,8490000.0
2021-05-21,37297.4,40611.2,42108.3,33592.3,315500.0,2433.11,2766.88,2931.66,2111.42,4230000.0,38.667,44.748,44.748,38.667,312460.0,1.006,1.1796,1.2158,0.8673,2730000000.0,326.44,391.12,414.79,276.78,9210000.0
2021-05-22,37448.3,37291.0,38776.0,35314.9,185830.0,2291.6,2433.09,2481.06,2162.84,2820000.0,31.272,38.667,38.667,31.272,513900.0,0.905,1.0057,1.0134,0.8201,2280000000.0,299.25,326.44,334.69,286.5,5570000.0
2021-05-23,34679.7,37446.8,38248.7,31192.4,325730.0,2101.34,2292.68,2379.89,1739.91,3520000.0,24.611,23.7,25.854,19.8,619216.6666666666,0.7915,0.905,0.9659,0.6507,3150000000.0,261.57,299.25,312.85,212.41,9230000.0
2021-05-24,38750.6,34720.3,39851.7,34474.6,244880.0,2646.79,2101.3,2667.2,2080.87,3240000.0,30.637,24.611,32.08,24.611,724533.3333333334,0.9914,0.7915,0.9956,0.7567,2340000000.0,345.02,261.56,349.89,257.97,8070000.0
2021-05-25,38378.3,38753.6,39740.8,36540.7,163010.0,2705.09,2647.27,2747.49,2388.81,3280000.0,29.944,30.637,32.604,26.383,829850.0,0.9743,0.9915,1.0527,0.8808,2420000000.0,343.77,345.44,374.86,307.55,7930000.0
2021-05-26,39249.2,38375.7,40750.0,37847.0,153800.0,2884.66,2705.69,2908.37,2648.1,2660000.0,35.5,29.944,36.311,29.45,935166.6666666667,1.0317,0.9744,1.0664,0.9489,1680000000.0,379.22,343.76,387.25,337.4,5820000.0
2021-05-27,38417.3,39249.0,40322.2,37190.8,122930.0,2735.88,2885.02,2885.87,2638.62,2390000.0,33.517,35.5,35.5,31.526,1040483.3333333334,0.9705,1.0317,1.0403,0.9339,1410000000.0,367.46,379.2,387.17,340.81,5180000.0
2021-05-28,35662.5,38543.2,38844.1,34772.4,199580.0,2414.29,2742.39,2760.17,2332.43,3260000.0,29.087,33.517,34.075,28.513,1145800.0,0.8992,0.9706,0.983,0.8473,1740000000.0,329.31,369.79,373.28,313.42,6310000.0
2021-05-29,34584.6,35664.5,37227.1,33664.2,160430.0,2276.07,2411.68,2567.42,2207.21,2940000.0,26.9,29.087,29.677,25.873,1251116.6666666667,0.8304,0.8991,0.9385,0.7948,1470000000.0,304.76,329.31,346.88,296.43,4570000.0
2021-05-30,35652.8,34589.3,36388.6,33441.0,104180.0,2386.1,2276.97,2465.84,2181.93,2800000.0,28.519,26.9,29.485,25.825,1356433.3333333335,0.9061,0.8304,0.93,0.7988,1210000000.0,325.59,304.81,337.77,291.72,4520000.0
2021-05-31,37298.6,35644.0,37480.7,34213.2,131700.0,2708.47,2386.93,2713.98,2279.42,2830000.0,32.724,28.519,32.812,27.0,1461750.0,1.0429,0.9059,1.0489,0.8832,1780000000.0,353.74,325.6,355.43,307.9,4970000.0
2021-06-01,36687.6,37294.3,37850.3,35742.7,113480.0,2633.67,2707.94,2738.23,2529.73,2450000.0,31.002,32.724,32.741,30.246,1567066.6666666667,1.0106,1.0412,1.0973,0.9771,1610000000.0,362.39,353.63,364.16,340.56,4420000.0
2021-06-02,37555.8,36687.7,38199.9,35981.1,96890.0,2706.1,2633.74,2801.0,2554.88,2600000.0,34.009,31.002,34.486,30.552,1672383.3333333335,1.0244,1.0106,1.0477,0.9814,950130000.0,401.12,362.39,417.41,351.19,5260000.0
2021-06-03,39187.3,37555.7,39462.3,37193.6,106440.0,2853.35,2705.05,2889.19,2666.39,1090000.0,39.461,34.009,40.993,34.009,1777700.0,1.0443,1.0244,1.0773,1.0078,974270000.0,427.59,401.13,432.58,391.83,5060000.0
2021-06-04,36851.3,39191.4,39255.4,35659.9,127710.0,2686.5,2856.63,2856.63,2557.71,2470000.0,37.435,39.461,39.461,34.661,1883016.6666666667,0.9693,1.0443,1.0459,0.919,1270000000.0,390.97,428.47,428.71,366.56,5920000.0
2021-06-05,35520.0,36841.2,37887.6,34832.0,101480.0,2628.98,2688.75,2814.02,2555.98,2550000.0,39.559,37.435,42.252,37.435,1988333.3333333335,0.9227,0.9688,0.9972,0.8969,898300000.0,390.09,390.68,425.57,374.62,4790000.0
2021-06-06,35815.4,35518.7,36434.0,35265.3,62200.0,2713.66,2628.43,2743.53,2614.48,756360.0,42.209,39.559,43.208,39.092,2093650.0,0.9449,0.9227,0.9478,0.9177,559240000.0,393.2,390.09,399.82,382.07,2270000.0
2021-06-07,33578.0,35815.4,36754.6,33410.1,119500.0,2592.63,2713.52,2842.88,2581.24,3010000.0,38.272,42.209,43.91,38.272,2198966.666666667,0.8634,0.9452,0.9738,0.8484,993300000.0,358.08,393.23,406.99,354.55,3600000.0
2021-06-08,33382.9,33574.6,34047.8,31158.1,193540.0,2510.65,2592.12,2618.7,2320.64,75180.0,41.34,38.272,42.287,33.824,2304283.3333333335,0.8739,0.8634,0.8838,0.7858,1370000000.0,352.64,358.05,365.89,320.39,5990000.0
2021-06-09,37332.2,33385.5,37517.6,32428.6,209820.0,2606.23,2507.86,2620.74,2408.37,2320000.0,42.041,41.34,43.864,39.668,2409600.0,0.9197,0.8738,0.9197,0.8315,1130000000.0,375.29,352.54,378.44,333.69,4240000.0
2021-06-10,36649.4,37375.2,38340.8,35824.0,154320.0,2469.97,2607.45,2615.46,2432.41,1290000.0,41.124,42.041,42.901,39.869,2514916.666666667,0.8684,0.9198,0.927,0.8534,838310000.0,351.43,375.53,376.81,344.96,2960000.0
2021-06-11,37314.6,36654.3,37641.1,36003.3,109150.0,2351.45,2470.04,2493.48,2324.21,587180.0,36.012,41.124,41.124,35.5,2620233.3333333335,0.8475,0.8685,0.8792,0.8344,568450000.0,345.46,351.46,365.51,341.53,2710000.0
2021-06-12,35467.5,37334.4,37437.3,34703.3,87730.0,2368.47,2351.45,2448.04,2260.8,1800000.0,36.402,36.012,37.5,34.453,2725550.0,0.8312,0.8475,0.8476,0.8064,558730000.0,343.23,345.59,348.75,325.63,2550000.0
2021-06-13,39022.9,35467.5,39321.6,34827.0,123320.0,2508.27,2368.68,2547.9,2311.96,1620000.0,38.806,36.402,39.18,35.316,2830866.666666667,0.8833,0.8316,0.8878,0.8185,503670000.0,365.83,343.26,369.0,330.64,2390000.0
2021-06-14,40529.4,39024.1,40970.4,38769.9,157350.0,2581.48,2508.49,2606.91,2467.61,1790000.0,39.703,38.806,40.168,36.931,2936183.3333333335,0.8903,0.8833,0.9269,0.8632,659190000.0,370.06,365.83,377.02,355.23,2420000.0
2021-06-15,40156.1,40522.5,41318.0,39589.9,117550.0,2543.83,2581.42,2637.9,2512.39,1950000.0,39.592,39.703,41.339,39.554,3041500.0,0.8666,0.8903,0.9011,0.8595,537370000.0,366.78,370.08,379.49,363.84,1900000.0
2021-06-16,38336.0,40148.1,40494.4,38156.4,123520.0,2367.28,2544.35,2552.12,2353.24,1370000.0,39.334,39.592,40.925,37.78,3146816.666666667,0.8319,0.8666,0.8731,0.8264,603790000.0,347.15,366.77,366.77,343.49,1890000.0
2021-06-17,38052.0,38337.8,39529.9,37425.3,109580.0,2371.62,2367.78,2459.11,2309.08,1060000.0,39.4,39.334,41.317,38.472,3252133.3333333335,0.8412,0.8318,0.8608,0.8249,475790000.0,352.64,347.14,362.36,346.18,1530000.0
2021-06-18,35749.4,38045.5,38166.0,35198.5,102840.0,2229.53,2372.1,2376.62,2142.74,778790.0,36.65,38.824,39.216,35.515,3357450.0,0.7958,0.8412,0.8445,0.7719,617480000.0,336.67,352.66,357.03,327.39,1950000.0
2021-06-19,35513.4,35770.0,36357.3,34845.5,105460.0,2166.91,2229.53,2276.7,2164.14,1080000.0,35.283,36.65,37.062,35.097,3462766.666666667,0.7598,0.7969,0.805,0.7559,459270000.0,334.19,336.71,344.33,331.88,1330000.0
2021-06-20,35595.8,35510.9,36097.9,33378.0,137480.0,2243.86,2166.3,2276.83,2045.03,1420000.0,35.32,35.283,35.701,31.5,3568083.3333333335,0.7742,0.7596,0.7841,0.6981,866850000.0,339.47,334.15,340.38,310.54,1990000.0
2021-06-21,31692.0,35597.9,35708.4,31284.1,256870.0,1891.18,2244.25,2257.86,1868.32,2690000.0,26.601,35.32,35.799,26.08,3673400.0,0.6073,0.7742,0.7788,0.6052,1590000000.0,271.8,339.09,341.52,269.45,4550000.0
2021-06-22,32496.4,31682.7,33272.5,28901.8,309650.0,1876.66,1890.95,1994.32,1707.24,2840000.0,26.685,26.601,28.233,20.472,3778716.666666667,0.5449,0.6065,0.6489,0.5102,2310000000.0,261.45,271.81,290.65,225.93,6750000.0
2021-06-23,33674.3,32498.3,34784.3,31736.5,173340.0,1968.39,1877.28,2043.1,1823.57,1770000.0,30.855,26.685,32.09,26.042,3884033.3333333335,0.6379,0.5468,0.6634,0.5227,1700000000.0,296.14,261.47,309.45,251.9,4070000.0000000005
2021-06-24,34665.8,33678.1,35249.9,32356.7,119250.0,1989.14,1968.76,2033.96,1886.74,1640000.0,31.245,30.855,32.446,28.678,3989350.0,0.6722,0.6383,0.6915,0.6172,928590000.0,308.31,296.13,316.2,281.74,3120000.0
2021-06-25,31594.0,34660.5,35490.9,31337.9,193430.0,1810.57,1989.77,2017.47,1793.47,1650000.0,28.797,31.245,32.684,28.53,4094666.666666667,0.6118,0.6724,0.6881,0.6037,1130000000.0,281.13,308.57,314.08,275.62,3260000.0
2021-06-26,32243.4,31592.1,32643.0,30206.9,156670.0,1830.62,1810.53,1850.4,1719.32,1990000.0,29.554,28.797,29.878,26.998,4199983.333333334,0.6166,0.6117,0.6317,0.5821,752440000.0,279.45,281.15,290.05,264.47,2630000.0
2021-06-27,34678.5,32247.1,34685.5,32041.7,148800.0,1979.88,1830.42,1980.7,1808.59,1870000.0,31.821,29.554,31.821,29.428,4305300.0,0.6475,0.6167,0.6513,0.5973,647730000.0,290.86,279.45,291.08,270.0,1790000.0
2021-06-28,34475.9,34682.2,35231.2,33944.9,112000.0,2083.09,1981.24,2142.84,1962.89,2190000.0,32.99,31.821,33.745,31.155,4410616.666666667,0.6439,0.6475,0.6555,0.6244,636010000.0,289.83,290.87,298.93,283.91,2160000.0
2021-06-29,35834.7,34477.3,36590.3,34247.6,97270.0,2158.71,2083.48,2241.86,2076.17,898060.0,33.885,32.99,35.5,32.834,4515933.333333334,0.7052,0.6439,0.7285,0.6423,1010000000.0,299.88,289.85,315.04,289.27,2430000.0
2021-06-30,35026.9,35832.6,36089.5,34126.6,107070.0,2273.84,2158.32,2281.55,2090.61,1900000.0,35.536,33.885,35.861,31.315,4621250.0,0.7054,0.706,0.714,0.6492,894670000.0,303.25,299.88,304.71,281.84,2360000.0
2021-07-01,33543.6,35030.7,35032.7,32839.2,27410.0,2109.11,2274.5,2274.63,2077.56,1710000.0,33.375,35.536,36.115,32.0,4726566.666666667,0.66,0.7053,0.7054,0.6467,679690000.0,287.63,303.24,303.41,281.4,1620000.0
2021-07-02,33813.4,33542.2,33925.9,32734.6,78930.0,2154.78,2108.58,2158.7,2019.75,1390000.0,34.0,33.375,34.0,31.655,4831883.333333334,0.6563,0.6599,0.6671,0.6337,521330000.00000006,287.38,287.64,290.58,276.78,1180000.0
2021-07-03,34742.8,33814.2,34909.8,33363.3,55690.0,2224.7,2154.53,2236.97,2115.8,1280000.0,34.801,34.0,35.261,33.357,4937200.0,0.6764,0.6563,0.6801,0.6439,436320000.0,299.25,287.37,302.93,283.06,1110000.0
2021-07-04,35298.2,34742.8,35957.6,34740.1,56130.0,2323.22,2224.7,2386.2,2222.95,1390000.0,34.36,35.055,35.295,34.299,5042516.666666667,0.6959,0.6764,0.7088,0.6764,446370000.0,307.88,299.25,314.73,299.1,1500000.0
2021-07-05,33687.8,35297.0,35300.5,33164.1,88360.0,2196.16,2322.6,2322.6,2163.09,822950.0,32.966,34.36,34.36,32.594,5147833.333333334,0.653,0.696,0.6961,0.6461,600330000.0,302.31,307.88,307.88,292.4,1620000.0
2021-07-06,34225.6,33688.5,35062.0,33581.7,83630.0,2322.72,2196.25,2347.47,2194.2,1780000.0,33.643,32.966,34.443,32.966,5253150.0,0.6648,0.6529,0.6794,0.6519,486930000.0,320.02,302.01,321.89,301.95,2340000.0
2021-07-07,33867.8,34228.7,35036.6,33801.3,72030.0,2316.57,2322.74,2402.68,2296.43,1320000.0,36.537,34.196,37.904,34.196,5358466.666666667,0.6521,0.6648,0.6733,0.6503,394690000.0,327.68,320.01,339.36,318.33,2020000.0
2021-07-08,32866.3,33859.4,33923.2,32146.9,108090.0,2120.22,2316.21,2322.47,2095.92,1820000.0,32.902,36.537,36.772,32.864,5463783.333333334,0.6231,0.6521,0.6538,0.6115,616300000.0,310.52,327.65,328.17,307.04,1890000.0
2021-07-09,33797.4,32866.3,34079.2,32367.0,67140.0,2145.89,2120.05,2185.62,2066.09,1420000.0,33.364,33.258,34.381,32.287,5569100.0,0.6371,0.6231,0.6452,0.5934,519780000.0,316.77,310.52,319.48,302.28,1280000.0
2021-07-10,33510.6,33797.7,34221.0,33056.8,50940.0,2111.12,2146.15,2191.3,2078.43,929320.0,31.73,33.364,34.192,31.1,5674416.666666667,0.6251,0.6371,0.6484,0.6133,388830000.0,316.07,316.77,321.2,310.82,958950.0
2021-07-11,34227.7,33510.8,34580.6,33319.8,35720.0,2139.35,2110.9,2173.34,2081.62,724840.0,32.115,31.73,32.454,31.464,5779733.333333334,0.6361,0.6247,0.6436,0.6171,277980000.0,321.88,316.07,326.55,312.28,929540.0
2021-07-12,33113.0,34228.3,34598.0,32662.8,63240.0,2035.09,2139.44,2167.6,2008.66,540100.0,30.88,32.115,32.6,30.102,5885050.0,0.629,0.6362,0.657,0.619,484430000.0,316.17,321.91,334.34,308.77,1520000.0
2021-07-13,32728.1,33106.1,33307.7,32259.5,60040.0,1940.72,2035.09,2042.61,1920.62,717850.0,29.052,30.88,30.995,29.0,5990366.666666667,0.6194,0.629,0.6395,0.6102,438170000.0,308.98,316.15,318.16,305.35,1080000.0
2021-07-14,32820.7,32727.8,33051.9,31611.2,69560.0,1994.64,1940.48,2017.99,1868.45,1050000.0,31.259,29.052,31.393,27.513,6095683.333333334,0.6198,0.6192,0.6246,0.5869,488040000.0,309.45,308.96,313.29,290.93,1650000.0
2021-07-15,31840.5,32820.5,33157.0,31175.8,76950.0,1917.21,1994.73,2038.91,1884.81,645060.0,28.456,31.259,31.426,28.08,6201000.0,0.5974,0.6198,0.6261,0.5887,465250000.0,315.58,309.49,324.15,301.92,2490000.0
2021-07-16,31394.0,31842.3,32239.8,31062.2,70480.0,1878.2,1917.21,1960.21,1852.42,619620.0,26.307,28.456,29.401,26.274,6306316.666666667,0.5893,0.5977,0.6171,0.588,407510000.0,302.84,315.62,323.21,301.85,1770000.0
2021-07-17,31518.6,31384.4,31914.8,31207.8,58060.0,1897.98,1877.0,1917.8,1851.97,623520.0,26.715,26.307,27.745,26.035,6411633.333333334,0.5816,0.5893,0.5971,0.5679,388910000.0,300.31,302.88,306.41,295.11,1310000.0
2021-07-18,31785.4,31517.9,32408.2,31220.6,57010.0,1892.42,1898.01,1988.24,1881.6,829770.0,26.726,26.715,27.725,26.34,6516950.0,0.5868,0.5817,0.6011,0.5728,326270000.0,302.18,300.34,309.0,299.6,1030000.0
2021-07-19,30837.2,31782.9,31887.0,30478.2,77480.0,1818.07,1891.43,1915.15,1807.19,802780.0,24.495,26.726,26.726,24.059,6622266.666666667,0.5571,0.5867,0.5887,0.5544,443790000.0,280.47,302.16,303.49,279.38,1630000.0
2021-07-20,29793.8,30835.4,31040.8,29310.2,97460.0,1786.07,1818.07,1840.36,1720.7,1200000.0,23.482,24.495,24.912,22.23,6727583.333333334,0.5286,0.5571,0.5692,0.5176,574850000.0,264.59,280.48,283.25,255.79,2250000.0
2021-07-21,32131.4,29794.7,32794.6,29519.3,118340.0,1994.49,1786.18,2029.51,1758.64,1510000.0,26.641,23.482,27.353,22.846,6832900.0,0.5714,0.5286,0.5831,0.5198,673860000.0,293.08,264.59,298.69,261.51,2180000.0
2021-07-22,32298.9,32131.7,32585.4,31729.4,64870.00000000001,2024.58,1994.61,2043.26,1952.31,1020000.0,27.748,26.641,28.05,26.003,6938216.666666667,0.5919,0.5714,0.6029,0.5611,588630000.0,293.53,293.08,297.69,287.55,1470000.0
2021-07-23,33603.3,32297.9,33605.6,32041.1,66150.0,2123.61,2024.51,2129.66,2000.27,961670.0,28.47,27.748,28.655,26.42,7043533.333333334,0.609,0.5919,0.6097,0.5761,489180000.0,298.89,293.51,301.15,281.68,1980000.0
2021-07-24,33824.8,33600.5,33955.0,33412.9,67140.0,2151.85,2124.0,2162.29,2106.71,907110.0,28.72,28.47,29.4,28.328,7148850.0,0.6067,0.6091,0.6138,0.6022,463400000.0,303.15,298.91,305.01,296.16,1810000.0
2021-07-25,35391.1,34392.5,35391.1,33881.3,65099.99999999999,2189.79,2166.98,2195.03,2108.74,786940.0,28.133,27.868,28.133,26.595,7254166.666666667,0.6069,0.605,0.6071,0.5911,339100000.0,302.57,302.55,303.09,292.85,1250000.0
2021-07-26,37276.6,35392.3,40522.9,35236.7,177630.0,2229.53,2189.74,2430.01,2174.44,1890000.0,28.251,28.133,31.039,27.952,7359483.333333334,0.6239,0.6069,0.6775,0.605,1090000000.0,304.31,302.6,327.62,301.19,2860000.0
2021-07-27,39452.0,37294.3,39455.9,36427.4,100240.0,2300.22,2230.24,2318.68,2152.92,1250000.0,28.018,28.251,28.886,27.0,7464800.0,0.6455,0.6238,0.6523,0.6127,587130000.0,313.67,304.31,318.25,298.53,1890000.0
2021-07-28,40003.2,39450.4,40862.2,38883.8,148920.0,2299.11,2300.21,2343.49,2246.23,968940.0,27.857,28.018,28.62,27.5,7570116.666666667,0.7316,0.6455,0.7523,0.6312,1650000000.0,313.76,313.69,318.59,308.53,1470000.0
2021-07-29,40001.4,40009.0,40630.7,39340.8,75300.0,2380.93,2299.46,2397.71,2269.15,642750.0,31.268,27.857,31.912,27.374,7675433.333333334,0.7482,0.7332,0.765,0.6978,716250000.0,316.72,313.76,319.97,309.08,1130000.0
2021-07-30,42203.4,40001.1,42264.4,38358.4,98450.0,2460.95,2380.59,2467.4,2320.8,1030000.0,32.356,31.268,33.009,30.086,7780750.0,0.7516,0.7483,0.7691,0.7153,848520000.0,322.63,316.72,325.26,306.75,1450000.0
2021-07-31,41553.7,42201.4,42285.3,41066.4,44650.0,2532.19,2461.08,2551.68,2421.7,507080.0,36.709,32.356,36.796,31.8,7886066.666666667,0.7443,0.7521,0.7579,0.7381,499420000.0,332.41,322.61,337.95,317.64,1550000.0
2021-08-01,39878.3,41510.0,42565.0,39556.5,80330.0,2556.23,2530.94,2696.38,2515.26,1200000.0,34.276,36.709,36.752,33.5,7991383.333333334,0.7248,0.7444,0.7776,0.7133,638450000.0,332.78,332.32,347.44,329.82,1700000.0
2021-08-02,39168.4,39869.8,40449.0,38692.5,74810.0,2608.04,2556.07,2664.73,2513.51,970670.0,33.169,34.276,35.837,33.098,8096700.0,0.7386,0.7241,0.7728,0.7167,570730000.0,330.86,332.76,338.06,326.39,1150000.0
2021-08-03,38130.3,39167.4,39766.6,37688.2,260.0,2506.65,2608.01,2631.43,2445.49,158450.0,33.96,33.169,35.762,32.2,8202016.666666667,0.7132,0.7385,0.7444,0.7014,569490000.0,323.19,330.86,334.61,317.7,1180000.0
2021-08-04,39736.9,38188.4,39956.5,37556.0,79220.0,2725.29,2506.5,2766.46,2462.32,1230000.0,35.706,33.96,36.6,33.326,8307333.333333334,0.7306,0.7132,0.7397,0.6973,458200000.0,334.89,323.39,337.04,319.97,1010000.0
2021-08-05,40867.2,39734.4,41366.3,37365.4,130600.0,2827.21,2725.28,2842.95,2533.51,1650000.0,37.408,35.706,38.169,35.596,8412650.0,0.7331,0.7307,0.7386,0.7024,443990000.0,337.88,334.89,339.91,323.71,1300000.0
2021-08-06,42795.4,40868.4,43253.4,39905.4,111930.0,2889.43,2827.23,2946.62,2726.04,1060000.0,39.497,37.408,40.362,35.75,8517966.666666668,0.7469,0.7331,0.7527,0.7226,432770000.0,342.08,337.88,347.0,331.43,1310000.0
2021-08-07,44614.2,42784.7,44697.3,42611.0,112840.0,3158.0,2889.58,3169.74,2867.58,64840.0,39.426,39.497,40.405,37.633,8623283.333333334,0.8167,0.7471,0.8181,0.7412,840120000.0,356.28,342.08,359.58,340.65,1590000.0
2021-08-08,43792.8,44584.9,45284.1,43314.4,105250.0,3012.07,3158.3,3188.49,2949.66,1250000.0,37.668,39.426,39.494,36.972,8728600.0,0.7791,0.8167,0.8403,0.7729,771730000.0,341.83,356.18,359.78,337.08,1320000.0
2021-08-09,46284.3,43794.9,46460.7,42824.1,117080.0,3162.93,3011.88,3184.84,2899.24,1440000.0,38.722,37.668,39.925,36.304,8833916.666666668,0.8172,0.7791,0.8275,0.7606,698490000.0,354.5,341.83,357.34,333.53,1330000.0
2021-08-10,45593.8,46281.8,46663.4,44681.2,80550.0,3140.71,3162.81,3232.02,3057.84,1120000.0,40.596,38.722,41.686,38.278,8939233.333333334,0.8513,0.8171,0.8618,0.8003,714810000.0,371.9,354.5,376.2,348.97,1710000.0
2021-08-11,45564.3,45593.2,46736.5,45367.9,75430.0,3163.66,3140.86,3269.7,3122.67,950120.0,41.792,40.596,43.631,40.596,9044550.0,1.0123,0.8513,1.088,0.8493,1630000000.0,391.48,371.9,408.17,371.12,1970000.0
2021-08-12,44403.4,45562.3,46213.8,43814.7,81070.0,3043.61,3160.17,3236.28,2981.35,965630.0,41.1,41.792,43.323,39.433,9149866.666666668,0.9647,1.0123,1.0438,0.9247,1440000000.0,385.51,391.48,406.08,371.8,1900000.0
2021-08-13,47809.1,44404.0,47836.0,44242.4,75270.0,3322.43,3043.2,3324.53,3035.52,795540.0,44.821,41.1,44.821,40.785,9255183.333333334,1.09,0.966,1.096,0.9517,1030000000.0,410.9,385.51,411.03,383.0,1300000.0
2021-08-14,47081.5,47809.6,48090.9,46117.2,64290.00000000001,3264.69,3322.25,3328.38,3209.45,658600.0,44.043,44.821,44.821,42.828,9360500.0,1.2802,1.09,1.3089,1.071,2040000000.0,408.91,410.89,418.76,400.43,1490000.0
2021-08-15,46991.3,47082.6,47344.1,45564.1,58110.0,3308.87,3264.56,3318.61,3115.34,782810.0,53.714,44.043,54.59,43.462,9465816.666666668,1.2845,1.2802,1.3481,1.2259,1620000000.0,414.1,408.91,414.88,396.65,1280000.0
2021-08-16,45996.3,46991.6,48002.4,45672.1,2410.0,3147.65,3307.96,3334.22,3138.37,859090.0,62.137,53.714,68.743,52.451,9571133.333333334,1.1858,1.2841,1.3279,1.1503,1280000000.0,416.08,414.1,436.64,411.06,1900000.0
2021-08-17,44691.6,45907.5,47140.6,44441.3,84140.0,3014.58,3147.67,3290.03,2993.63,1060000.0,64.0,62.137,100.0,59.998,9676450.0,1.0987,1.1858,1.2226,1.0869,1270000000.0,401.94,416.08,435.64,399.39,2040000.0
2021-08-18,44723.8,44691.1,46004.9,44230.0,22360.0,3016.91,3012.62,3124.51,2951.04,750740.0,72.578,64.0,80.483,60.019,9781766.666666668,1.1445,1.0987,1.1941,1.0522,1260000000.0,396.48,401.94,412.07,386.69,1810000.0
2021-08-19,46755.9,44725.9,47012.3,43986.7,77920.0,3184.82,3016.92,3185.51,2962.04,844130.0,72.7,72.578,75.307,68.771,9887083.333333334,1.2349,1.1443,1.2349,1.0905,1030000000.0,431.42,396.44,431.42,391.07,1890000.0
2021-08-20,49324.0,46756.7,49343.3,46646.8,83190.0,3284.21,3184.83,3300.36,3179.18,739320.0,78.714,72.7,79.9,70.987,9992400.0,1.2632,1.2348,1.2876,1.1999,871180000.0,454.87,431.42,457.54,421.98,1730000.0
2021-08-21,48875.8,49330.0,49719.1,48293.5,18200.0,3223.96,3285.12,3307.33,3200.19,768740.0,73.907,78.714,81.953,72.715,10097716.666666668,1.2166,1.2632,1.2826,1.2044,588180000.0,448.64,454.89,459.99,444.81,1470000.0
2021-08-22,49254.5,48870.4,49480.3,48151.0,49320.0,3238.7,3224.17,3271.94,3128.98,747650.0,72.846,73.907,77.507,71.54,10203033.333333334,1.2257,1.2165,1.2554,1.1828,530740000.0,448.68,448.64,458.23,438.03,1170000.0
2021-08-23,49539.7,49255.4,50498.8,49038.6,75370.0,3319.49,3238.41,3375.42,3231.96,1090000.0,75.553,72.846,77.846,71.719,10308350.0,1.2462,1.2258,1.3029,1.2115,927810000.0,499.79,448.68,508.85,447.02,2720000.0
2021-08-24,47714.7,49532.5,49847.4,47623.6,74260.0,3173.26,3322.6,3357.99,3150.75,988820.0,70.671,75.553,79.343,68.486,10413666.666666668,1.1363,1.2463,1.2649,1.1252,906300000.0,471.95,499.79,504.05,461.33,2140000.0
2021-08-25,48994.5,47707.4,49230.2,47163.3,63540.0,3228.15,3172.12,3247.43,3080.7,923130.0,72.056,70.671,72.535,66.35,10518983.333333334,1.1744,1.1363,1.1772,1.1089,766530000.0,503.44,471.95,506.84,470.14,2300000.0
2021-08-26,46831.6,48994.4,49347.8,46360.4,73790.0,3093.54,3228.03,3249.62,3057.48,118440.0,75.169,72.056,78.051,66.372,10624300.0,1.0715,1.1741,1.1865,1.0645,864260000.0,477.83,503.44,518.58,472.73,2290000.0
2021-08-27,49064.3,46830.2,49142.0,46371.5,62470.0,3273.58,3093.78,3279.93,3063.37,839540.0,87.97,75.169,88.76,73.179,10729616.666666668,1.1912,1.0714,1.1912,1.0521,823900000.0,494.48,477.83,494.88,467.52,1600000.0
2021-08-28,48897.1,49062.8,49289.4,48428.5,36730.0,3243.9,3273.78,3284.58,3212.24,466210.0,96.72,87.97,97.71,85.731,10834933.333333334,1.1449,1.1913,1.1979,1.1342,456690000.0,486.01,494.48,496.78,482.71,925230.0
2021-08-29,48777.4,48899.7,49621.7,47870.1,47620.0,3222.16,3243.96,3282.21,3155.31,643730.0,94.2,96.72,97.84,90.623,10940250.0,1.1401,1.1449,1.1681,1.1147,470050000.0,479.63,486.0,495.47,476.81,945020.0
2021-08-30,46992.7,48777.1,48886.0,46876.9,61680.0,3225.67,3222.43,3345.72,3145.53,966580.0,110.241,94.2,116.25,93.8,11045566.666666668,1.1007,1.1402,1.1484,1.0961,523120000.0,460.1,479.82,480.87,457.43,1160000.0
2021-08-31,47130.4,46989.1,48217.0,46709.3,71480.0,3430.74,3228.23,3467.42,3191.34,1520000.0,108.32,110.241,130.03,103.58,11150883.333333334,1.1861,1.1004,1.2409,1.0915,997290000.0,464.29,460.1,477.08,452.5,1520000.0
2021-09-01,48819.4,47129.2,49121.0,46533.1,74380.0,3832.73,3429.65,3839.91,3384.82,1480000.0,111.06,108.32,119.5,106.18,11256200.0,1.2364,1.186,1.2379,1.1596,683840000.0,489.78,464.29,489.98,455.51,1360000.0
2021-09-02,49274.3,48817.8,50355.3,48612.9,80210.0,3786.19,3826.9,3833.89,3723.42,928700.0,128.071,111.06,131.8,109.67,11361516.666666668,1.2541,1.2364,1.295,1.2221,733100000.0,483.84,489.39,504.56,478.16,1290000.0
2021-09-03,49999.0,49269.5,51008.8,48377.3,88080.0,3936.29,3785.85,4024.89,3715.97,1200000.0,146.14,128.071,148.89,128.071,11466833.333333334,1.2898,1.2531,1.3223,1.2239,804380000.0,488.2,483.84,494.49,473.55,1150000.0
2021-09-04,49918.4,49999.3,50534.6,49461.4,48140.0,3884.97,3938.45,3968.33,3844.07,672530.0,139.09,146.14,150.67,136.12,11572150.0,1.2548,1.2905,1.2967,1.2385,500270000.0,497.4,488.49,509.75,485.62,1310000.0
2021-09-05,51768.6,49918.7,51878.2,49492.4,57300.0,3950.62,3885.4,3981.22,3834.74,714160.0,142.13,139.09,145.14,135.14,11677466.666666668,1.306,1.2549,1.3119,1.2367,482350000.0,504.49,497.4,505.17,488.91,926280.0
2021-09-06,52672.1,51769.4,52726.2,51002.8,69460.0,3927.21,3950.2,3968.2,3867.55,764560.0,164.17,142.13,165.859,137.39,11782783.333333334,1.3898,1.3061,1.4152,1.3061,1020000000.0,496.11,504.49,508.86,487.85,1180000.0
2021-09-07,46779.6,52674.2,52885.3,43072.4,187560.0,3423.12,3926.84,3945.79,3061.3,2470000.0,173.03,164.59,195.0,130.0,11888100.0,1.1233,1.3898,1.3919,0.9617,2089999999.9999998,417.31,496.11,504.58,373.12,3540000.0
2021-09-08,46061.4,46774.1,47316.9,44493.7,100480.0,3495.1,3424.35,3557.67,3221.6,780680.0,190.69,173.03,198.04,146.53,11993416.666666668,1.099,1.1254,1.1473,1.0173,1200000000.0,414.6,417.32,425.48,383.71,2170000.0
2021-09-09,46385.6,46057.6,47305.7,45609.0,73630.0,3423.51,3498.92,3564.3,3395.94,1090000.0,192.1,190.69,215.511,182.0,12098733.333333334,1.0867,1.0992,1.1373,1.0748,866170000.0,421.2,414.61,435.59,404.11,1600000.0
2021-09-10,44842.8,46385.9,47021.6,44283.6,75620.0,3207.27,3423.87,3512.9,3156.28,1210000.0,179.15,192.1,197.1,170.0,12204050.0,1.0548,1.0868,1.2427,1.0334,1380000000.0,401.1,421.2,438.89,393.91,1590000.0
2021-09-11,45161.9,44844.9,45975.6,44766.6,41580.0,3267.33,3209.37,3345.37,3202.41,732950.0,178.35,179.15,192.93,175.551,12309366.666666668,1.0788,1.0553,1.1108,1.0513,480040000.0,405.1,401.1,415.09,399.52,967250.0
2021-09-12,46062.3,45162.6,46386.4,44755.2,44520.0,3408.28,3267.33,3469.5,3231.87,805970.0,174.37,178.35,181.5,170.81,12414683.333333334,1.1192,1.0788,1.1266,1.0581,453830000.0,416.99,405.1,421.29,398.0,1030000.0
2021-09-13,44949.5,46060.8,46807.7,43463.2,96150.0,3284.52,3408.17,3429.24,3118.66,1340000.0,169.47,174.37,175.0,150.54,12520000.0,1.0642,1.1188,1.126,1.0267,778180000.0,399.0,416.98,419.39,385.32,1620000.0
2021-09-14,47077.5,44950.2,47247.6,44718.7,65330.0,3428.87,3284.65,3428.87,3270.91,720340.0,158.0,169.47,171.54,143.2,12220000.0,1.0953,1.0642,1.0976,1.0582,410510000.0,414.29,399.0,414.29,396.11,997130.0
2021-09-15,48130.6,47070.8,48436.5,46743.9,63400.0,3611.9,3430.36,3612.29,3361.63,790270.0,158.619,158.507,166.246,154.057,8720000.0,1.1207,1.0961,1.1297,1.0796,416590000.0,431.1,414.29,436.39,410.1,1270000.0
2021-09-16,47748.0,48132.3,48480.6,47040.3,60910.0,3569.43,3612.23,3672.68,3488.53,195790.0,152.211,158.648,163.008,147.493,6800000.0,1.0903,1.1207,1.1297,1.0674,440800000.0,424.22,431.2,433.9,415.99,1120000.0
2021-09-17,47282.8,47748.2,48155.9,46788.8,50160.0,3398.65,3569.92,3592.2,3352.32,748100.0,147.416,152.215,153.253,134.717,11390000.0,1.066,1.0903,1.1022,1.0513,440080000.0,406.21,424.22,425.79,401.37,923270.0
2021-09-18,48306.7,47283.9,48761.0,47070.5,43640.0,3435.97,3398.55,3539.5,3371.33,600190.0,169.399,147.447,171.309,144.269,12190000.0,1.0756,1.066,1.0941,1.0568,274750000.0,410.7,406.22,419.87,401.63,810070.0
2021-09-19,47238.7,48299.9,48341.9,46866.6,41980.0,3329.12,3435.92,3455.67,3282.85,614000.0,152.704,169.289,170.852,150.914,7320000.0,1.048,1.0756,1.0835,1.0403,296880000.0,408.39,410.7,418.95,403.45,819710.0
2021-09-20,42870.6,47240.8,47323.9,42547.1,77960.0,2976.05,3328.49,3344.04,2931.64,1720000.0,132.502,152.742,153.305,131.023,14720000.0,0.9211,1.0482,1.0494,0.8784,1280000000.0,363.6,408.39,409.6,355.33,2020000.0
2021-09-21,40651.3,43012.3,43619.3,39646.8,142550.0,2761.52,2976.7,3101.88,2659.71,1790000.0,123.881,132.701,144.496,116.135,14260000.0,0.8732,0.9211,0.9587,0.859,931830000.0,343.3,364.17,375.69,337.35,1710000.0
2021-09-22,43551.6,40660.8,43976.7,40585.7,93980.0,3077.78,2764.71,3087.97,2740.58,1190000.0,148.048,123.967,151.446,122.272,12060000.0,1.0037,0.8735,1.0083,0.8681,881870000.0,378.83,343.36,379.89,342.42,1150000.0
2021-09-23,44869.2,43550.7,44949.8,43090.1,74540.0,3152.92,3077.8,3173.0,3035.96,841540.0,149.87,148.013,152.31,143.083,7400000.0,1.0014,1.0037,1.0155,0.9686,574020000.0,383.63,378.82,384.49,369.21,1040000.0
2021-09-24,42819.9,44867.4,45112.0,40908.5,128880.0,2928.57,3152.92,3158.38,2740.06,1740000.0,139.268,149.945,151.009,128.404,9670000.0,0.9447,1.0014,1.0024,0.8872,885520000.0,355.1,383.53,384.99,334.67,1790000.0
2021-09-25,42686.8,42818.7,42959.3,41714.5,46350.0,2922.55,2928.59,2965.48,2812.7,975490.0,136.086,139.257,143.961,133.589,4380000.0,0.9401,0.9441,0.9557,0.9168,496370000.0,349.51,355.1,360.49,343.72,967040.0
2021-09-26,43203.4,42685.8,43907.3,40786.6,69910.0,3063.51,2922.47,3113.65,2740.12,1330000.0,135.753,136.075,140.609,124.982,5830000.0,0.9445,0.9401,0.9563,0.8923,574120000.0,344.53,349.51,352.62,320.1,1690000.0
2021-09-27,42172.6,43200.9,44293.2,42143.9,54120.0,2926.24,3061.86,3163.86,2926.24,865300.0,136.374,135.724,148.787,133.766,6920000.0,0.9219,0.9441,0.9813,0.9206,505210000.0,335.32,344.52,357.5,335.3,1040000.0
2021-09-28,41022.3,42169.9,42758.8,40906.4,60010.0,2807.28,2926.04,2969.18,2791.42,896280.0,132.104,136.372,139.386,128.21,5250000.0,0.8931,0.9219,0.942,0.8912,450340000.0,332.94,335.32,344.41,330.01,1020000.0
2021-09-29,41536.8,41023.1,42571.2,40815.0,48210.0,2851.5,2807.15,2948.5,2784.66,728860.0,135.283,132.222,140.002,131.232,5310000.0,0.9268,0.8931,0.9907,0.8866,639760000.0,367.51,332.91,375.01,331.57,1850000.0
2021-09-30,43823.3,41534.5,44101.2,41416.7,64319.99999999999,3000.59,2851.06,3047.08,2837.68,968230.0,141.36,135.294,142.798,134.131,4830000.0,0.9533,0.9267,0.9637,0.9222,449640000.0,387.59,367.49,388.49,366.49,1250000.0
2021-10-01,48146.0,43824.4,48435.2,43292.9,94660.0,3309.13,2999.86,3329.32,2972.75,1140000.0,161.623,141.366,164.871,138.352,8960000.0,1.0412,0.9532,1.0646,0.9444,878850000.0,421.31,387.59,423.3,381.79,1570000.0
2021-10-02,47666.9,48147.2,48306.9,47451.7,39820.0,3388.97,3309.14,3467.95,3265.97,778150.0,169.08,161.623,174.889,156.773,6760000.0,1.0362,1.0421,1.0699,1.0087,548190000.0,427.22,421.31,438.0,410.8,1220000.0
2021-10-03,48200.1,47665.4,49165.2,47123.0,42410.0,3417.34,3388.83,3485.48,3346.63,642590.0,172.745,169.074,177.359,165.891,5560000.0,1.055,1.0362,1.088,1.0211,554180000.0,430.32,427.18,436.89,422.34,936530.0
2021-10-04,49227.3,48200.4,49481.7,46958.6,66920.0,3382.9,3417.26,3436.34,3273.22,826830.0,167.116,173.021,173.021,162.503,5750000.0,1.0416,1.0551,1.0596,1.0067,566150000.0,426.48,430.32,430.87,411.61,1070000.0
2021-10-05,51469.3,49229.5,51872.4,49060.1,76630.0,3517.26,3383.32,3540.83,3365.28,663880.0,164.619,167.121,170.109,160.188,4880000.0,1.0848,1.0417,1.0875,1.0382,580600000.0,442.21,426.39,443.9,424.21,973600.0
2021-10-06,55323.2,51470.0,55676.1,50439.5,116260.0,3575.41,3515.35,3627.19,3345.56,1050000.0,153.895,164.617,165.357,150.266,6640000.0,1.0762,1.084,1.107,1.0195,702120000.0,434.88,442.19,442.79,414.91,1360000.0
2021-10-07,53783.9,55325.2,55325.6,53476.4,75680.0,3586.0,3575.43,3650.18,3473.47,826290.0,154.209,153.883,161.162,150.53,4960000.0,1.0665,1.0762,1.0938,1.0449,567980000.0,438.21,434.79,449.89,424.11,1280000.0
2021-10-08,53914.7,53785.5,55977.9,53659.3,64050.0,3559.42,3586.91,3668.35,3537.24,681740.0,158.589,154.215,168.79,152.576,5410000.0,1.0619,1.0676,1.0917,1.0558,462560000.0,418.7,438.21,441.59,416.0,1650000.0
2021-10-09,54942.5,53924.1,55430.8,53711.7,64650.00000000001,3574.2,3559.96,3626.11,3541.4,464110.0,156.755,158.631,161.41,154.685,2870000.0,1.1594,1.0624,1.2081,1.0576,876030000.0,421.69,418.7,425.88,416.51,695800.0
2021-10-10,54687.7,54942.5,56432.2,54100.8,104430.0,3415.03,3574.52,3599.18,3409.22,767490.0,147.738,156.778,158.478,145.953,2910000.0,1.1358,1.1604,1.2216,1.1295,856250000.0,404.19,421.72,422.18,402.41,802320.0
2021-10-11,57477.3,54686.9,57814.1,54457.8,73840.0,3545.06,3414.93,3622.53,3381.43,683240.0,144.889,147.698,153.983,140.464,3590000.0,1.1377,1.1355,1.1814,1.1076,580270000.0,413.38,404.19,423.86,400.42,836990.0
2021-10-12,56015.9,57480.6,57635.7,54155.4,74850.0,3489.9,3541.49,3545.35,3404.49,609890.0,152.518,144.858,153.403,137.73,5650000.0,1.1007,1.1377,1.1377,1.0659,626450000.0,443.65,413.39,444.01,392.49,2120000.0
2021-10-13,57380.1,56014.5,57697.4,54314.4,73620.0,3607.28,3491.08,3612.04,3416.0,557180.0,148.125,152.496,155.406,144.419,3930000.0,1.1279,1.1007,1.1381,1.0756,550370000.0,470.41,444.39,471.6,434.08,3590000.0
2021-10-14,57345.8,57370.4,58506.5,56866.8,59840.0,3790.41,3607.36,3820.47,3588.24,697090.0,149.98,148.056,155.501,147.308,3800000.0,1.1332,1.1277,1.1564,1.1185,481870000.0,472.42,470.41,482.59,461.8,1560000.0
2021-10-15,61672.5,57348.2,62892.8,56874.8,121480.0,3866.9,3790.34,3904.91,3735.21,721140.0,163.171,150.02,165.347,146.991,7130000.0,1.1412,1.1332,1.1636,1.0973,883120000.0,474.31,472.42,477.41,452.85,1640000.0
2021-10-16,60861.1,61669.2,62329.2,60161.9,49930.0,3827.55,3869.05,3967.43,3804.55,527610.0,157.403,163.157,164.702,156.736,2650000.0,1.134,1.1414,1.1852,1.1305,473800000.0,465.12,474.31,484.4,462.43,1140000.0
2021-10-17,61527.5,60865.5,61651.4,59143.4,53390.0,3845.47,3827.55,3917.56,3664.63,543520.0,160.077,157.416,167.492,153.364,4000000.0,1.0929,1.134,1.1405,1.0248,536150000.0,470.71,465.12,472.4,455.77,978520.0
2021-10-18,62056.3,61525.8,62623.6,60026.9,80150.0,3747.6,3848.64,3892.01,3685.82,578210.0,157.217,160.097,162.92,155.015,3010000.0,1.0831,1.0929,1.1058,1.065,465840000.0,485.0,470.91,487.2,467.22,1200000.0
2021-10-19,64278.5,62030.2,64454.0,61451.0,80160.0,3876.78,3745.46,3884.34,3733.78,488600.0,155.857,157.189,159.393,153.148,2520000.0,1.0911,1.0831,1.0996,1.0696,349320000.0,488.1,485.0,497.4,481.1,1010000.0
2021-10-20,65979.1,64276.9,66967.1,63543.7,79870.0,4159.89,3876.76,4168.12,3830.26,752030.0,176.81,155.857,176.81,155.21,5430000.0,1.1437,1.091,1.1525,1.087,488430000.0,501.11,488.1,505.62,482.35,1050000.0
2021-10-21,62210.2,66004.6,66616.9,62092.1,105380.0,4054.16,4160.51,4366.91,4029.48,1140000.0,190.429,176.805,193.871,176.805,11010000.0,1.0884,1.1438,1.1634,1.0871,619770000.0,471.1,501.3,504.79,467.26,2020000.0
2021-10-22,60690.3,62200.8,63699.7,60055.7,75690.0,3970.94,4053.89,4164.11,3896.4,654770.0,196.174,190.428,214.972,188.115,11750000.0,1.0892,1.0884,1.1283,1.0781,475460000.0,478.83,470.92,497.89,470.92,1230000.0
2021-10-23,61312.5,60693.2,61728.7,59738.3,37050.0,4168.85,3970.94,4169.33,3938.79,487030.0,197.776,196.267,205.692,192.486,4620000.0,1.0935,1.089,1.1015,1.0766,263600000.00000003,485.41,478.83,485.41,472.91,597100.0
2021-10-24,60866.5,61308.2,61469.9,59523.7,42670.0,4082.8,4168.8,4184.0,3965.84,507630.0,202.394,197.765,204.825,185.385,5120000.0,1.0823,1.0935,1.0955,1.0568,315370000.0,475.8,485.41,486.42,468.02,668750.0
2021-10-25,63067.0,60864.3,63694.8,60655.8,51060.0,4219.92,4082.68,4234.76,4069.94,481410.0,209.698,202.259,218.939,198.189,6890000.0,1.0953,1.0823,1.1027,1.0784,302260000.0,484.91,475.7,488.58,474.82,720340.0
2021-10-26,60310.8,63067.5,63275.1,59907.3,57130.0,4129.51,4219.92,4291.98,4098.19,559290.0,199.744,209.714,213.993,196.706,4860000.0,1.1067,1.0953,1.1593,1.0931,589660000.0,478.01,484.91,489.58,474.17,795250.0
2021-10-27,58438.1,60312.5,61452.9,58112.6,88110.0,3921.93,4130.06,4299.61,3914.06,1070000.0,184.397,199.866,205.465,178.226,7410000.0,0.9935,1.1067,1.1246,0.9547,1350000000.0,448.69,478.02,486.29,438.55,1510000.0
2021-10-28,60582.5,58437.2,62251.3,58128.1,88470.0,4284.9,3921.54,4289.8,3896.33,865800.0,194.659,184.451,201.385,181.906,5360000.0,1.0579,0.9936,1.0809,0.9822,906770000.0,492.09,448.7,494.69,446.6,1690000.0
2021-10-29,62242.8,60579.9,62952.2,60322.2,63390.0,4413.7,4284.9,4458.3,4268.21,781570.0,200.224,194.795,204.975,194.684,3750000.0,1.081,1.0581,1.09,1.0552,484840000.0,529.52,492.09,533.6,488.99,1570000.0
2021-10-30,61840.1,62245.0,62338.5,60786.0,40510.0,4320.65,4413.7,4428.41,4250.24,494870.0,195.813,200.262,200.489,187.531,2500000.0,1.0841,1.0811,1.1154,1.0632,479640000.0,528.2,529.61,540.31,512.18,1190000.0
2021-10-31,61309.6,61842.2,62393.7,60005.7,50060.0,4287.56,4322.0,4393.61,4169.48,555320.0,202.573,195.806,204.991,185.688,3640000.0,1.1126,1.0841,1.1521,1.07,823880000.0,524.46,528.2,534.89,509.32,1160000.0
2021-11-01,60915.3,61310.1,62430.1,59612.7,61210.0,4320.85,4287.41,4376.94,4157.51,574260.0,203.454,202.565,211.495,198.093,4780000.0,1.0921,1.1127,1.131,1.071,501800000.0,551.53,524.65,551.91,511.74,1440000.0
2021-11-02,63221.7,60912.2,64256.4,60651.5,65260.00000000001,4586.06,4320.85,4598.38,4287.36,630260.0,220.678,203.471,222.222,201.147,4460000.0,1.1351,1.092,1.1461,1.0856,518140000.0,554.28,551.5,563.7,537.62,1280000.0
2021-11-03,62918.5,63223.5,63508.6,60883.0,61050.0,4602.21,4586.96,4661.88,4458.87,634680.0,243.272,220.764,246.379,216.067,7930000.0,1.2101,1.1352,1.2339,1.1259,1120000000.0,568.4,554.28,569.87,537.61,1380000.0
2021-11-04,61412.6,62915.4,63077.6,60742.9,49910.0,4535.11,4601.93,4604.83,4421.87,495860.0,247.144,243.113,250.208,234.909,5460000.0,1.2015,1.2101,1.2551,1.1653,738500000.0,559.16,568.48,568.69,543.82,1150000.0
2021-11-05,60974.3,61411.5,62560.3,60742.4,44460.0,4475.0,4534.96,4569.31,4439.67,409750.0,236.147,247.15,248.256,230.598,3430000.0,1.1583,1.2014,1.2014,1.1365,464160000.0,607.31,558.7,614.61,554.42,2120000.0
2021-11-06,61483.9,60973.2,61543.2,60093.6,34890.0,4517.36,4475.0,4526.75,4330.29,442600.0,258.477,236.119,259.861,234.879,4440000.0,1.1512,1.1582,1.1733,1.1072,356140000.0,636.3,607.31,636.3,595.99,1430000.0
2021-11-07,63273.2,61483.8,63273.2,61347.2,34340.0,4612.06,4517.27,4634.39,4502.7,337810.0,249.644,258.48,258.581,245.752,2960000.0,1.2179,1.1514,1.2361,1.1453,471700000.0,649.5,636.3,668.8,630.91,1540000.0
2021-11-08,67527.9,63276.4,67763.3,63276.4,81080.0,4808.38,4612.05,4822.97,4612.05,673210.0,248.419,249.673,253.269,240.742,3750000.0,1.2818,1.2179,1.2947,1.2179,788090000.0,653.79,649.5,655.49,631.7,1350000.0
2021-11-09,66904.4,67528.7,68493.3,66334.9,66130.0,4731.83,4808.34,4836.69,4715.43,437410.0,239.027,248.376,253.164,237.809,3520000.0,1.2561,1.2818,1.2877,1.23,622970000.0,634.24,653.79,656.68,632.11,930880.0
2021-11-10,64932.6,66942.6,68990.6,62951.3,96210.0,4634.03,4731.83,4864.06,4498.78,761900.0,233.686,239.041,247.956,217.998,4790000.0,1.1922,1.2562,1.3463,1.1359,1260000000.0,614.81,634.9,662.6,575.72,1890000.0
2021-11-11,64806.7,64922.8,65583.3,64121.9,50370.0,4720.87,4633.98,4778.17,4578.66,418610.0,233.576,233.635,246.427,229.543,3190000.0,1.215,1.1923,1.2542,1.1771,647850000.0,628.8,614.8,634.8,606.01,1070000.0
2021-11-12,64134.5,64782.6,65449.7,62309.7,63270.0,4667.31,4720.5,4807.16,4511.96,634590.0,228.551,233.498,238.996,220.997,3360000.0,1.1884,1.2149,1.2328,1.1554,617770000.0,626.91,627.91,634.5,603.9,1070000.0
2021-11-13,64398.6,64133.3,64906.0,63381.4,30340.0,4644.61,4665.76,4705.02,4585.37,290270.0,241.684,228.551,241.939,225.006,2430000.0,1.1894,1.1883,1.2036,1.1679,467520000.0,649.5,626.92,654.7,620.8,944980.0
2021-11-14,65508.2,64397.2,65508.2,63608.3,33980.0,4625.59,4644.4,4692.76,4514.95,340960.0,238.667,241.659,241.925,230.506,1960000.0,1.1879,1.1894,1.1992,1.1677,389090000.0,650.8,649.5,660.2,634.81,987160.0
2021-11-15,63597.9,65514.9,66311.2,63439.5,53530.0,4562.98,4625.71,4769.38,4543.47,495960.0,238.187,238.679,246.211,234.454,3030000.0,1.1722,1.188,1.2193,1.1679,537980000.0,633.51,650.8,659.2,631.3,992200.0
2021-11-16,60089.1,63605.1,63605.6,58655.9,115360.0,4208.16,4562.97,4562.97,4115.31,1120000.0,219.062,238.213,238.213,214.824,4300000.0,1.0885,1.1721,1.1722,1.0489,1140000000.0,588.91,633.81,634.51,574.03,2300000.0
2021-11-17,60367.8,60074.2,60814.5,58531.9,73930.0,4290.88,4208.29,4298.3,4071.01,664940.0,218.918,219.048,221.947,210.105,3630000.0,1.0957,1.0884,1.1124,1.0598,777750000.0,578.31,588.91,592.5,554.64,1550000.0
2021-11-18,56955.3,60368.2,60936.9,56524.4,100370.0,4001.87,4290.31,4342.74,3958.44,792380.0,195.164,218.932,222.755,187.176,5620000.0,1.0413,1.0956,1.158,1.0193,1340000000.0,532.56,578.3,587.9,517.13,1820000.0
2021-11-19,58083.4,56908.3,58335.9,55626.3,74440.0,4295.43,3996.29,4305.41,3978.08,571960.0,215.274,195.145,219.691,189.571,4450000.0,1.0896,1.0414,1.0985,1.0184,711470000.0,581.09,531.89,585.39,524.7,1380000.0
2021-11-20,59717.6,58080.8,59854.6,57435.3,44530.0,4408.85,4295.27,4434.27,4206.75,462990.0,217.833,215.282,221.152,206.068,2470000.0,1.0961,1.0896,1.101,1.0621,493240000.0,604.28,581.0,604.7,573.58,1180000.0
2021-11-21,58714.3,59724.0,60002.6,58528.3,40980.0,4268.08,4409.02,4422.6,4246.2,446230.0,231.414,217.824,235.389,210.695,3150000.0,1.058,1.0961,1.0972,1.0553,468550000.0,585.14,604.28,604.91,580.11,1030000.0
2021-11-22,56308.8,58719.7,59288.3,55656.8,76450.0,4086.95,4268.07,4311.46,4026.75,717080.0,215.854,231.41,231.983,211.95,3970000.0,1.0355,1.0581,1.068,1.0262,647380000.0,559.69,585.14,585.14,554.3,1200000.0
2021-11-23,57573.2,56304.8,57855.1,55542.5,72480.0,4340.23,4086.73,4384.75,4064.17,684350.0,221.885,215.839,226.021,211.232,2650000.0,1.0721,1.0354,1.0818,1.0215,664530000.0,591.3,559.69,604.8,558.3,1260000.0
2021-11-24,57171.7,57559.4,57697.4,55910.6,56680.0,4273.54,4340.23,4372.83,4172.19,595960.0,205.877,221.837,222.244,200.225,3120000.0,1.0331,1.0721,1.0729,1.0094,656760000.0,590.61,591.1,593.89,577.4,1140000.0
2021-11-25,58935.1,57167.1,59387.3,57029.8,56790.0,4520.3,4270.73,4549.74,4248.9,578650.0,209.952,205.854,216.366,202.028,2900000.0,1.0427,1.0327,1.0637,1.0221,604410000.0,638.79,590.61,646.51,587.72,1620000.0
2021-11-26,53730.9,58937.3,59151.1,53533.5,104030.0,4034.53,4520.3,4548.1,3917.43,1000000.0,191.991,210.017,210.417,183.084,4570000.0,0.9385,1.0428,1.0464,0.923,1150000000.0,584.96,639.17,657.7,564.63,2540000.0
2021-11-27,54765.9,53747.2,55280.3,53654.3,40710.0,4094.8,4037.06,4183.02,4029.06,370730.0,193.061,192.184,199.403,190.811,1930000.0,0.9455,0.9385,0.9649,0.934,443480000.0,600.3,587.62,621.19,584.3,1270000.0
2021-11-28,57291.5,54758.0,57392.3,53448.3,49280.0,4296.98,4095.16,4297.63,3980.24,487530.0,200.854,192.976,201.979,181.285,2670000.0,0.969,0.9453,0.969,0.8902,643460000.0,611.61,600.3,612.57,573.96,1360000.0
2021-11-29,57794.8,57288.1,58855.2,56726.7,58650.0,4443.22,4296.98,4456.82,4280.18,532660.0,204.135,200.85,212.787,199.789,2820000.0,0.9895,0.9689,1.0015,0.9632,598770000.0,623.61,611.58,628.62,601.99,1150000.0
2021-11-30,56882.9,57795.2,59174.4,55936.9,73660.0,4628.9,4443.22,4749.12,4349.21,973460.0,208.423,204.139,218.252,199.78,3650000.0,0.9976,0.9895,1.0297,0.9712,653910000.0,623.23,623.6,634.52,603.71,1460000.0
2021-12-01,57210.3,56891.7,59064.3,56496.5,66750.0,4583.28,4628.72,4778.14,4525.33,669180.0,229.829,208.486,232.452,207.999,4500000.0,0.9896,0.9984,1.0172,0.9804,478610000.0,627.32,621.51,649.59,618.72,1460000.0
2021-12-02,56496.0,57207.8,57377.5,55807.9,54940.0,4512.9,4583.28,4629.75,4437.53,608070.0,233.785,229.862,243.069,220.15,4760000.0,0.9722,0.9895,0.99,0.9565,429130000.0,620.21,627.32,629.72,605.61,1170000.0
2021-12-03,53631.5,56495.2,57543.6,52008.9,89200.0,4219.3,4512.9,4646.73,4047.07,942770.0,212.047,233.765,239.426,205.628,4840000.0,0.9213,0.9719,0.9833,0.8967,582440000.0,594.62,620.21,627.8,576.78,1330000.0
2021-12-04,49195.2,53620.7,53847.2,42587.8,168000.0,4123.46,4219.3,4237.56,3533.02,1520000.0,201.088,211.854,212.584,175.186,6980000.0,0.847,0.9213,0.9244,0.6207,2190000000.0,568.62,594.62,595.9,495.12,2710000.0
2021-12-05,49405.5,49196.4,49689.3,47797.8,72030.0,4194.8,4118.27,4247.38,4036.0,707690.0,196.444,201.093,204.309,182.027,4190000.0000000005,0.8041,0.8453,0.8593,0.7789,963260000.0,557.6,568.6,581.81,542.72,1300000.0
2021-12-06,50562.1,49412.1,50913.3,47237.9,89680.0,4353.31,4194.95,4373.23,3922.65,993790.0,193.963,196.475,197.646,176.649,4880000.0,0.8267,0.8042,0.8298,0.7504,974490000.0,588.59,557.61,592.61,533.3,2160000.0
2021-12-07,50595.2,50547.4,51918.6,50070.9,56290.0,4307.08,4351.36,4424.2,4259.45,550780.0,190.236,193.874,204.025,187.958,3680000.0,0.8154,0.8264,0.8441,0.8049,635490000.0,578.7,588.59,593.41,572.3,1110000.0
2021-12-08,50473.9,50596.6,51204.7,48700.7,55590.0,4435.74,4307.08,4449.69,4229.63,574330.0,194.596,190.226,196.235,184.001,3380000.0,0.8615,0.8153,0.883,0.8049,811570000.0,606.9,578.69,607.49,567.51,1220000.0
2021-12-09,47596.6,50477.6,50790.2,47341.9,58690.0,4107.69,4435.74,4482.89,4078.14,642170.0,181.363,194.624,196.636,178.746,3010000.0,0.8581,0.8617,0.933,0.8329,1260000000.0,570.78,606.9,616.24,567.92,1200000.0
2021-12-10,47137.2,47591.7,49974.8,47007.1,68060.0,3903.48,4107.2,4226.79,3894.03,798120.0,167.596,181.267,184.44,167.446,3200000.0,0.7992,0.8579,0.882,0.7953,957230000.0,552.53,570.77,594.92,551.46,1190000.0
2021-12-11,49314.5,47138.4,49487.0,46834.0,45230.0,4075.66,3903.52,4094.92,3836.92,581260.0,171.728,167.475,173.801,161.587,2800000.0,0.8372,0.8,0.8434,0.7864,561080000.0,563.24,552.53,572.16,542.33,1020000.0
2021-12-12,50081.0,49332.5,50779.2,48670.5,40300.0,4131.78,4078.17,4173.21,3988.29,360450.0,172.924,172.204,176.854,167.728,1770000.0,0.8399,0.8377,0.8563,0.8096,441730000.0,570.51,563.24,574.01,559.51,594620.0
2021-12-13,46703.6,50075.9,50196.1,45848.2,80370.0,3781.94,4131.47,4141.27,3673.19,891670.0,155.203,172.906,172.951,148.384,4690000.0,0.7818,0.8397,0.8439,0.7612,701250000.0,520.88,570.51,572.11,512.07,1110000.0
2021-12-14,48366.5,46709.8,48635.0,46338.3,62540.0,3861.55,3782.12,3879.43,3690.06,577610.0,161.299,155.259,162.906,149.821,3910000.0,0.8108,0.7818,0.8205,0.7736,753470000.0,528.3,520.88,535.68,510.21,1370000.0
2021-12-15,48871.5,48366.2,49477.9,46572.6,80280.0,4019.24,3860.51,4090.15,3649.69,821220.0,178.506,161.303,182.59,157.183,5550000.0,0.8263,0.8103,0.8395,0.7778,748920000.0,541.1,528.3,546.23,502.09,1230000.0
2021-12-16,47628.2,48876.6,49387.8,47543.9,48200.0,3956.62,4019.57,4108.24,3955.46,512120.0,176.904,178.522,189.008,174.478,3940000.0,0.8052,0.8262,0.8362,0.8035,410590000.0,526.01,541.1,545.02,525.3,777270.0
2021-12-17,46172.2,47630.4,47997.2,45523.8,67500.0,3878.29,3957.12,3993.87,3702.33,654900.0,175.586,176.926,182.357,168.149,3770000.0,0.7975,0.8054,0.8306,0.7767,508540000.0,525.9,526.01,535.42,511.3,959710.0
2021-12-18,46856.2,46171.8,47330.2,45513.4,36930.0,3959.83,3878.2,3993.05,3769.91,475860.0,182.861,175.562,184.272,171.065,1980000.0,0.8264,0.7975,0.8341,0.7912,333850000.0,534.2,525.9,537.69,516.7,614600.0
2021-12-19,46704.5,46855.7,48270.2,46438.4,44050.0,3925.34,3959.9,4025.36,3890.9,442490.0,180.125,182.822,189.16,178.573,1930000.0,0.8351,0.8264,0.8479,0.8197,326030000.0,529.9,534.19,544.21,527.51,575840.0
2021-12-20,46895.2,46703.4,47488.9,45577.3,57530.0,3938.8,3925.46,3978.66,3757.42,531110.0,173.785,179.956,181.085,168.5,2630000.0,0.8786,0.8351,0.9136,0.825,1050000000.0,523.31,529.9,534.59,506.31,767190.0
2021-12-21,48902.0,46900.1,49306.1,46654.0,57880.0,4016.59,3944.03,4058.76,3915.56,496710.0,179.745,173.862,182.392,170.286,2400000.0,0.9469,0.8796,0.9604,0.8531,888150000.0,528.5,523.34,535.19,517.51,705940.0
2021-12-22,48599.7,48898.7,49540.3,48449.7,40890.0,3979.54,4016.25,4072.4,3944.15,426430.0,178.406,179.736,187.539,177.145,2800000.0,0.9538,0.9468,0.9723,0.9243,772540000.0,533.43,528.5,544.5,527.4,778930.0
2021-12-23,50801.0,48599.6,51355.6,48053.4,56240.0,4110.14,3979.57,4149.17,3895.89,573180.0,190.047,178.411,193.442,175.77,2930000.0,0.994,0.9537,1.0161,0.9387,967000000.0,548.7,533.43,552.31,524.73,897970.0
2021-12-24,50786.1,50807.4,51795.3,50428.4,45970.0,4043.39,4110.2,4133.77,4024.24,353850.0,190.285,190.075,197.422,184.463,2800000.0,0.9106,0.9939,0.9959,0.8938,998320000.0,541.78,548.7,554.12,537.96,728050.0
2021-12-25,50406.4,50789.6,51140.2,50196.8,26670.0,4093.14,4043.6,4136.03,4024.87,308530.0,193.127,190.493,195.052,189.224,1780000.0,0.9252,0.9106,0.9334,0.8992,464590000.0,547.33,541.78,550.4,539.67,500450.0
2021-12-26,50779.9,50404.0,51247.0,49527.0,32340.000000000004,4061.27,4093.38,4104.23,4005.38,283580.0,197.754,193.019,200.537,190.376,2190000.0,0.9198,0.9252,0.9331,0.9057,313230000.0,546.49,547.33,549.2,536.39,579220.0
2021-12-27,50678.2,50783.6,52016.3,50459.0,43900.0,4036.24,4062.02,4125.22,4033.04,313320.0,195.645,197.801,204.712,194.865,1900000.0,0.9262,0.9197,0.955,0.9152,442480000.0,563.3,546.49,571.6,543.29,844130.0
2021-12-28,47545.2,50703.4,50703.8,47345.7,74390.0,3791.69,4036.86,4036.86,3760.86,527230.0,177.151,195.602,195.602,176.793,3640000.0,0.8511,0.9266,0.9268,0.8457,604160000.0,534.19,563.59,563.6,529.27,1050000.0
2021-12-29,46461.7,47548.4,48121.7,46127.8,63920.0,3627.93,3792.95,3825.97,3607.2,456030.0,170.626,177.191,180.581,170.434,2590000.0,0.8165,0.8516,0.8644,0.8118,574420000.0,514.22,534.21,540.4,511.2,776590.0
2021-12-30,47123.3,46470.7,47901.4,46003.0,60960.0,3709.57,3629.33,3767.93,3589.64,355720.0,172.482,170.602,175.697,168.382,1860000.0,0.8387,0.8168,0.8586,0.8042,502920000.0,518.5,514.5,527.6,508.81,676810.0
2021-12-31,46219.5,47123.3,48553.9,45693.6,58180.0,3677.85,3709.38,3812.01,3623.74,405650.0,169.985,172.509,177.604,167.773,2049999.9999999998,0.8299,0.8387,0.8535,0.8029,457620000.0,511.7,518.5,528.1,507.11,726070.0
2022-01-01,47738.0,46217.5,47917.6,46217.5,31240.0,3765.67,3677.69,3775.2,3675.75,239540.0,179.068,169.985,179.176,169.985,1300000.0,0.85,0.8301,0.8548,0.8255,266529999.99999997,527.4,511.7,527.51,511.6,478600.0
2022-01-02,47311.8,47738.7,47944.9,46718.2,27020.0,3830.67,3765.67,3851.16,3718.33,242550.0,176.367,179.083,179.496,174.428,1080000.0,0.8587,0.85,0.8638,0.8374,254070000.0,531.28,527.41,533.59,518.4,435890.0
2022-01-03,46430.2,47293.9,47556.0,45704.0,41060.0,3764.24,3830.7,3849.5,3682.48,338510.0,170.039,176.354,176.443,166.897,1650000.0,0.8317,0.8587,0.8587,0.822,363280000.0,511.7,531.0,532.6,510.21,700850.0
2022-01-04,45837.3,46435.7,47505.4,45602.1,55590.0,3789.52,3764.62,3889.07,3715.24,415810.0,167.767,170.084,173.867,166.56,1650000.0,0.8229,0.8318,0.8449,0.8172,395680000.0,507.0,511.7,519.7,502.4,724320.0
2022-01-05,43425.9,45833.1,47019.4,42535.1,83740.0,3535.86,3784.47,3846.44,3418.46,582710.0,154.54,167.753,171.253,145.013,3090000.0,0.7712,0.8227,0.8366,0.7155,631160000.0,473.61,506.99,515.81,459.04,1030000.0
2022-01-06,43097.5,43431.6,43772.3,42481.1,63080.0,3407.77,3536.15,3550.19,3306.14,701890.0,150.336,154.483,154.721,146.344,2910000.0,0.7796,0.7714,0.7905,0.74,584960000.0,472.89,473.61,481.3,459.41,1020000.0
2022-01-07,41546.7,43097.9,43127.7,40810.0,88360.0,3195.31,3407.22,3413.26,3077.3,979250.0,136.405,150.336,150.65,133.973,4690000.0,0.7626,0.779,0.7806,0.73,688040000.0,447.71,472.89,473.7,438.2,1380000.0
2022-01-08,41672.0,41551.3,42304.4,40574.3,52540.0,3080.02,3198.14,3244.46,3001.76,566060.0,142.033,136.388,148.026,133.283,4179999.9999999995,0.7447,0.7627,0.7762,0.7232,471110000.0,429.32,447.9,459.3,417.13,1120000.0
2022-01-09,41848.3,41681.2,42764.4,41260.9,37510.0,3150.3,3079.89,3210.34,3060.47,415870.0,140.755,142.033,145.664,137.89,2210000.0,0.7528,0.7448,0.7665,0.7384,307320000.0,438.6,429.32,444.4,427.31,751210.0
2022-01-10,41832.2,41848.9,42243.8,39697.0,85500.0,3085.43,3150.27,3179.96,2931.68,804380.0,135.964,140.787,143.741,130.147,3300000.0,0.7401,0.7529,0.7589,0.7006,566010000.0,424.81,438.6,445.4,407.67,1290000.0
2022-01-11,42733.2,41829.1,43090.2,41287.6,61780.0,3237.89,3084.64,3262.78,3053.4,505210.0,140.209,135.873,143.456,133.626,2410000.0,0.7699,0.7401,0.7745,0.7308,495850000.0,463.48,424.81,467.5,421.5,1350000.0
2022-01-12,43901.0,42735.0,44243.6,42476.7,53950.0,3370.89,3238.22,3406.79,3208.0,530960.0,151.437,140.209,153.119,138.286,3210000.0,0.7979,0.7699,0.8068,0.7576,543020000.0,487.01,463.51,489.6,456.71,883730.0
2022-01-13,42560.0,43900.0,44404.7,42337.5,53420.0,3238.03,3370.87,3407.98,3234.97,462810.0,146.061,151.53,157.712,145.59,3040000.0,0.7672,0.7981,0.8021,0.7609,422740000.0,475.09,487.04,488.9,467.09,994440.0
2022-01-14,43073.3,42562.2,43435.1,41848.7,50500.0,3307.9,3241.95,3341.24,3195.65,415180.0,146.162,146.096,150.584,142.044,2350000.0,0.7732,0.7675,0.7901,0.7528,410720000.0,490.0,475.12,492.08,468.29,896280.0
2022-01-15,43097.0,43073.6,43777.9,42586.1,31440.0,3327.74,3307.84,3369.95,3265.41,292100.0,147.677,146.158,149.524,144.147,1520000.0,0.7793,0.7731,0.7892,0.7684,265120000.0,494.67,490.0,500.8,485.3,607710.0
2022-01-16,43079.1,43079.2,43462.0,42643.3,28660.0,3346.59,3326.5,3388.22,3276.44,295680.0,147.954,147.66,151.918,146.174,1520000.0,0.7784,0.7792,0.7842,0.7685,241760000.0,498.5,494.49,505.59,488.9,549920.0
2022-01-17,42209.3,43080.5,43179.6,41559.4,41440.0,3209.35,3346.63,3356.45,3142.4,375280.0,139.824,148.016,148.26,137.144,2130000.0,0.7615,0.7784,0.7802,0.7506,353390000.0,475.01,498.5,498.98,467.4,805110.0
2022-01-18,42364.6,42209.9,42674.2,41300.7,47320.0,3160.15,3209.43,3242.47,3084.48,399190.0,141.282,139.832,142.598,134.454,2040000.0,0.7514,0.7617,0.7684,0.7357,381760000.0,471.21,475.01,479.31,457.5,749840.0
2022-01-19,41677.8,42365.3,42558.0,41160.9,53770.0,3083.65,3160.15,3173.63,3049.3,459810.0,135.276,141.337,142.663,132.969,2049999.9999999998,0.738,0.7509,0.7532,0.7241,394070000.0,462.28,471.21,472.8,454.09,626890.0
2022-01-20,40715.9,41683.6,43487.1,40568.3,65280.0,3004.72,3084.48,3270.71,2989.19,481080.0,127.672,135.31,143.831,126.537,2500000.0,0.7204,0.7382,0.7619,0.7165,398800000.0,440.43,462.27,478.29,438.49,1220000.0
2022-01-21,36475.5,40698.1,41104.6,35503.9,155800.0,2571.29,3000.21,3032.69,2471.8,1420000.0,112.362,127.639,128.651,106.543,8180000.0,0.6373,0.7202,0.7283,0.6133,1140000000.0,384.3,440.43,444.31,374.98,1990000.0
2022-01-22,35075.2,36467.7,36749.8,34116.0,138090.0,2412.52,2570.67,2621.21,2311.8,1480000.0,94.665,112.312,114.048,88.48,10270000.0,0.5967,0.6372,0.6528,0.552,1450000000.0,358.5,384.3,388.99,337.57,2710000.0
2022-01-23,36269.5,35072.9,36513.0,34655.2,70430.0,2540.81,2412.52,2547.19,2373.85,766830.0,99.766,94.679,104.673,93.326,5640000.0,0.6287,0.5968,0.6349,0.5903,658650000.0,384.1,358.3,388.89,356.6,1370000.0
2022-01-24,36686.3,36268.6,37424.0,32985.6,153770.0,2441.01,2540.81,2540.81,2161.55,1560000.0,91.784,99.77,99.835,80.919,10990000.0,0.6121,0.6287,0.6287,0.555,1030000000.0,371.58,384.1,384.1,336.82,2040000.0
2022-01-25,36950.6,36691.3,37501.8,35729.3,79680.0,2458.07,2441.01,2504.32,2352.36,656030.0,94.704,91.849,99.882,87.585,5830000.0,0.6176,0.612,0.6227,0.5866,639440000.0,384.88,371.59,387.97,357.79,1100000.0
2022-01-26,36800.4,36962.3,38862.6,36280.0,107870.0,2461.41,2458.07,2719.32,2405.66,1050000.0,91.905,94.704,103.487,89.487,7290000.0,0.619,0.6178,0.6575,0.6052,895250000.0,374.91,384.88,401.34,366.4,1160000.0
2022-01-27,37164.3,36800.1,37215.4,35543.2,83520.0,2424.66,2462.25,2515.19,2317.3,774540.0,89.422,91.905,94.404,85.887,5830000.0,0.6084,0.619,0.624,0.5896,582230000.0,390.03,374.91,393.0,360.1,1050000.0
2022-01-28,37745.1,37195.6,37995.9,36176.5,69450.0,2545.95,2424.66,2556.34,2362.53,634500.0,91.318,89.513,93.526,87.338,4590000.0,0.6113,0.6089,0.6136,0.592,459460000.0,386.0,390.03,395.13,376.19,812650.0
2022-01-29,38170.8,37736.5,38663.7,37350.2,42770.0,2600.02,2545.95,2632.51,2520.14,484180.0,96.186,91.375,98.676,90.709,3440000.0,0.6174,0.6113,0.6247,0.6091,301820000.0,389.29,386.0,396.92,381.21,579880.0
2022-01-30,37917.7,38167.5,38313.3,37390.6,34100.0,2602.77,2600.12,2636.04,2543.99,381840.0,93.385,96.029,97.461,91.471,2130000.0,0.6015,0.6175,0.6229,0.5975,297090000.0,377.5,389.29,389.49,372.81,572480.0
2022-01-31,38498.6,37923.8,38701.4,36672.8,61270.0,2686.82,2602.71,2704.64,2478.85,601730.0,99.627,93.418,101.346,89.264,4260000.0,0.6175,0.6015,0.6239,0.581,441210000.0,374.21,377.5,385.2,365.59,658950.0
2022-02-01,38709.7,38475.6,39230.0,38037.9,55200.0,2787.16,2686.82,2808.6,2676.32,521740.0,109.981,99.515,113.498,99.172,7110000.0,0.6282,0.6176,0.6307,0.6112,357980000.0,384.21,374.31,388.02,374.01,594730.0
2022-02-02,36890.2,38711.2,38853.8,36682.3,53740.0,2681.0,2787.16,2809.57,2618.07,602400.0,101.908,109.981,112.266,97.121,7800000.0,0.6008,0.6282,0.6311,0.596,379990000.0,367.1,384.21,386.11,366.3,612860.0
2022-02-03,37287.8,36890.2,37304.3,36297.3,50350.0,2692.8,2680.66,2723.97,2579.8,549270.0,101.675,101.97,103.073,94.207,5880000.0,0.6096,0.6009,0.6096,0.5894,349860000.0,371.88,367.1,371.9,359.82,535060.0
2022-02-04,41567.6,37287.8,41689.0,37041.1,95490.0,2994.99,2692.8,2994.99,2671.72,908750.0,112.401,101.827,112.71,100.388,6260000.0,0.6556,0.6096,0.6582,0.6045,523140000.0,399.49,371.88,399.49,369.62,924970.0
2022-02-05,41412.1,41566.5,41899.8,40963.3,46320.0,3013.81,2994.74,3058.88,2963.11,473620.0,113.912,112.401,118.52,110.34,4099999.9999999995,0.6662,0.6556,0.6861,0.6502,581980000.0,413.99,399.49,430.88,396.6,1100000.0
2022-02-06,42392.2,41411.9,42614.8,41176.3,31200.0,3056.2,3013.75,3073.23,2957.16,316580.0,115.286,113.912,115.987,111.723,2290000.0,0.6827,0.6662,0.6866,0.6605,311390000.0,420.0,413.99,421.3,407.79,576760.0
2022-02-07,43833.9,42385.2,44468.3,41695.4,76600.0,3140.18,3056.29,3185.77,2995.59,568420.0,117.512,115.286,121.836,112.906,4360000.0,0.8312,0.6827,0.8382,0.6717,1200000000.0,433.29,420.01,438.61,413.59,810270.0
2022-02-08,44038.2,43833.9,45399.8,42705.0,92880.0,3115.88,3139.65,3228.86,3029.7,664450.0,113.293,117.512,120.152,109.887,4410000.0,0.8762,0.8315,0.9126,0.8037,1920000000.0,407.72,433.29,444.86,406.41,1220000.0
2022-02-09,44388.9,44038.2,44800.4,43163.0,50920.0,3243.62,3115.91,3266.41,3055.95,477820.0,113.991,113.293,117.005,109.581,3200000.0,0.8698,0.8762,0.9125,0.8443,1170000000.0,422.8,407.71,427.3,407.31,686300.0
2022-02-10,43521.0,44388.9,45755.2,43242.5,89690.0,3071.83,3243.73,3277.36,3058.59,742540.0,106.19,113.991,114.93,105.816,4139999.9999999995,0.8255,0.8696,0.8955,0.8238,961480000.0,414.89,422.81,434.69,410.5,1020000.0
2022-02-11,42388.4,43519.3,43915.1,42023.4,69950.0,2927.63,3071.8,3136.33,2880.6,607930.0,96.483,106.17,108.103,95.307,4500000.0,0.759,0.8254,0.8331,0.7502,923550000.0,400.19,414.89,418.8,392.9,767570.0
2022-02-12,42205.2,42388.4,43006.4,41776.8,37880.0,2917.1,2927.64,2984.72,2858.85,433290.0,95.891,96.483,99.75,93.254,2760000.0,0.8217,0.7591,0.8504,0.7473,934290000.0,403.2,400.16,406.9,393.59,569680.0
2022-02-13,42061.1,42205.5,42725.1,41880.1,25880.0,2870.25,2917.16,2952.94,2838.29,303120.0,92.811,95.97,97.273,91.447,1950000.0,0.8054,0.822,0.8465,0.7928,699440000.0,397.8,403.22,407.02,394.9,426230.0
2022-02-14,42550.3,42061.1,42799.7,41591.3,53600.0,2929.31,2871.06,2963.7,2834.13,477240.0,96.458,92.811,97.762,91.058,2990000.0,0.8008,0.8056,0.8119,0.7803,622890000.0,403.49,397.83,404.2,390.61,500690.0
2022-02-15,44544.4,42550.3,44722.6,42460.1,56340.0,3182.27,2929.29,3193.18,2912.61,540040.0,105.352,96.458,105.606,96.388,3600000.0,0.8508,0.8008,0.8589,0.7963,555150000.0,432.21,403.49,441.2,402.7,1240000.0
2022-02-16,43883.6,44540.9,44552.9,43377.6,41400.0,3118.9,3182.32,3184.88,3045.92,416700.0,101.763,105.352,105.558,98.315,3240000.0,0.8358,0.851,0.8525,0.8091,520130000.0,427.38,432.31,433.3,422.8,661380.0
2022-02-17,40552.8,43885.5,44167.1,40103.8,72630.0,2894.03,3122.33,3159.83,2855.66,661980.0,93.591,101.763,102.74,92.411,3050000.0,0.7668,0.8369,0.8445,0.7549,748400000.0,402.97,427.38,431.0,400.19,713820.0
2022-02-18,40000.1,40532.5,40935.5,39505.0,64959.99999999999,2779.56,2893.78,2943.14,2754.15,623190.0,89.96,93.591,96.334,89.474,3020000.0,0.7847,0.7674,0.8045,0.7568,815440000.0,399.2,402.97,410.99,392.89,657320.0
2022-02-19,40090.3,40000.1,40434.3,39666.6,25780.0,2763.81,2779.44,2829.2,2699.7,377080.0,91.264,89.92,92.553,88.76,1830000.0,0.8216,0.7847,0.8535,0.7706,940730000.0,399.7,399.21,406.31,393.21,448750.0
2022-02-20,38355.0,40089.6,40120.3,38042.2,47920.0,2619.32,2763.97,2764.46,2577.52,508490.0,90.6,91.264,93.808,85.878,3610000.0,0.7756,0.8217,0.8227,0.7663,968870000.0,380.31,399.7,399.99,375.39,667900.0
2022-02-21,37017.7,38355.0,39444.1,36868.9,91820.0,2569.87,2619.32,2755.58,2560.24,996710.0,82.879,90.693,95.988,82.806,5640000.0,0.7016,0.7758,0.8004,0.6967,1160000000.0,356.5,380.32,393.61,355.01,1270000.0
2022-02-22,38248.2,37018.3,38414.9,36399.6,82750.0,2636.13,2569.19,2663.01,2501.4,841130.0,86.413,82.879,87.38,81.16,4220000.0,0.7212,0.7019,0.7264,0.675,1180000000.0,374.2,356.52,374.92,349.3,984890.0
2022-02-23,37224.6,38248.2,39194.5,37099.5,64840.0,2578.15,2637.38,2749.8,2578.15,636500.0,84.431,86.413,93.211,84.431,4590000.0,0.696,0.721,0.7437,0.6928,868990000.0,365.69,374.2,383.82,365.6,739080.0
2022-02-24,38339.2,37250.2,39351.6,34357.4,180470.0,2596.52,2578.54,2732.02,2303.07,1850000.0,89.409,84.514,92.837,75.693,10390000.0,0.696,0.6962,0.7184,0.6225,1840000000.0,361.1,365.69,369.8,323.89,2029999.9999999998
2022-02-25,39209.6,38339.2,39683.7,38042.6,83780.0,2767.53,2596.52,2830.31,2573.39,828870.0,92.778,89.409,94.995,87.035,5310000.0,0.7693,0.696,0.7759,0.6852,983370000.0,374.89,361.19,376.9,357.09,834850.0
2022-02-26,39115.5,39221.6,40094.5,38639.1,41550.0,2776.96,2767.58,2856.01,2734.56,520440.00000000006,90.13,92.778,94.877,89.366,3180000.0,0.7504,0.7692,0.7906,0.7408,909280000.0,373.31,375.17,385.6,370.6,584740.0
2022-02-27,37689.1,39116.6,39838.5,37062.3,66140.0,2616.34,2779.55,2834.61,2562.94,804740.0,85.607,90.13,92.147,84.19,3630000.0,0.7214,0.7504,0.7667,0.7042,865450000.0,359.91,373.6,380.9,358.21,726150.0
2022-02-28,43188.2,37707.2,43977.8,37458.9,108070.0,2922.5,2616.34,2949.44,2574.12,899190.0,99.705,85.607,102.146,84.25,6160000.0,0.7813,0.7214,0.7926,0.7089,855060000.0,395.61,359.92,397.09,356.0,815140.0
2022-03-01,44420.3,43187.2,44900.5,42876.6,90670.0,2975.81,2922.44,3036.59,2858.54,828620.0,98.63,99.705,101.807,94.434,5560000.0,0.7838,0.7813,0.8032,0.7583,738570000.0,408.59,395.61,420.35,391.0,1480000.0
2022-03-02,43912.8,44420.3,45294.2,43361.3,80820.0,2947.14,2975.8,3041.84,2914.7,740370.0,100.702,98.63,106.335,96.899,6190000.0,0.7688,0.7839,0.7841,0.7566,711250000.0,409.2,408.59,415.59,403.9,874330.0
2022-03-03,42463.0,43912.8,44077.2,41840.8,74110.0,2834.91,2947.03,2967.9,2789.87,521360.0,95.649,100.702,101.669,94.138,3740000.0,0.7518,0.7687,0.7886,0.7352,631180000.0,402.6,409.2,413.08,397.6,648920.0
2022-03-04,39142.7,42463.0,42848.7,38594.9,3210000000.0,2622.15,2834.78,2835.94,2575.63,1500000000.0,88.275,95.649,96.85,87.088,386320000.0,0.7128,0.7516,0.7536,0.6976,618130000.0,374.5,402.6,403.39,372.09,294170000.0
2022-03-05,39395.8,39142.8,39600.2,38626.1,1500000000.0,2665.42,2622.15,2684.5,2592.07,709870000.0,89.623,88.288,91.141,86.014,204270000.0,0.7539,0.7128,0.7684,0.7051,573880000.0,384.7,374.5,387.2,367.8,171620000.0
2022-03-06,38403.1,39396.3,39668.1,38115.0,1930000000.0,2549.4,2665.42,2673.19,2542.19,881090000.0,84.538,89.633,89.894,84.164,230660000.0,0.7247,0.7539,0.7584,0.7223,496780000.0,374.9,384.7,387.2,372.9,185660000.0
2022-03-07,38024.8,38420.6,39532.0,37182.1,3020000000.0,2492.53,2549.4,2645.41,2447.74,1580000000.0,81.786,84.549,86.564,80.054,363890000.0,0.7201,0.7248,0.7535,0.7041,793880000.0,381.1,375.0,385.5,363.2,356420000.0
2022-03-08,38744.8,38020.6,39351.5,37886.6,2670000000.0,2577.21,2492.53,2623.99,2483.29,1440000000.0,82.308,81.66,84.99,81.345,306260000.0,0.7208,0.7201,0.7304,0.7139,480810000.0,381.8,381.1,387.9,377.2,247920000.0
2022-03-09,41929.0,38731.5,42538.5,38663.3,3600000000.0,2726.94,2577.21,2772.09,2569.13,1520000000.0,88.089,82.284,89.792,81.961,397720000.0,0.7657,0.7208,0.7727,0.7202,628030000.0,393.1,381.4,402.3,381.1,399540000.0
2022-03-10,39416.3,41933.9,42029.1,38603.5,3620000000.0,2606.5,2726.94,2731.37,2559.9,1460000000.0,82.871,88.089,88.555,80.766,314870000.0,0.7361,0.7657,0.7784,0.7241,648280000.0,372.1,393.1,394.5,363.2,296480000.0
2022-03-11,38730.2,39422.5,40177.0,38236.4,2790000000.0,2556.96,2606.5,2670.05,2525.2,1280000000.0,80.665,82.872,84.275,80.106,272330000.0,0.8031,0.7361,0.8128,0.7254,843020000.0,371.9,372.0,379.7,364.9,189860000.0
2022-03-12,38814.3,38730.2,39355.3,38666.5,1110000000.0,2569.8,2556.96,2612.33,2555.85,567250000.0,81.402,80.665,82.706,80.595,140500000.0,0.7858,0.803,0.8488,0.7788,976910000.0,372.4,371.9,379.2,371.3,151350000.0
2022-03-13,37792.4,38813.2,39272.3,37603.4,1550000000.0,2516.75,2569.8,2600.65,2494.59,811550000.0,78.858,81.412,83.075,77.774,204300000.0,0.7594,0.7859,0.8047,0.7532,496630000.0,361.6,372.4,377.1,360.2,157450000.0
2022-03-14,39671.1,37789.5,39914.3,37613.6,2330000000.0,2589.3,2516.75,2608.68,2500.12,991820000.0,81.223,78.706,82.242,78.038,237210000.0,0.7746,0.7594,0.7796,0.7457,514380000.0,373.3,361.6,373.9,359.8,171960000.0
2022-03-15,39285.7,39673.0,39854.7,38220.9,2250000000.0,2617.43,2589.54,2667.61,2510.75,1190000000.0,82.85,81.226,85.84,78.887,236410000.0,0.7659,0.7745,0.7761,0.7422,407330000.0,371.4,373.3,374.6,362.3,162420000.0
2022-03-16,41118.7,39282.5,41701.6,38953.2,4470000000.0,2773.94,2617.43,2787.12,2603.8,1790000000.0,87.795,82.85,87.958,81.54,300400000.0,0.7919,0.7659,0.7943,0.7582,560470000.0,385.4,371.6,386.5,368.1,252610000.0
2022-03-17,40914.8,41118.7,41406.0,40557.8,1900000000.0,2812.29,2773.8,2832.61,2747.06,1060000000.0,87.813,87.796,90.985,86.667,320920000.0,0.7933,0.792,0.8012,0.7833,436900000.0,391.9,385.3,393.2,381.8,220720000.0
2022-03-18,41767.8,40914.6,42308.4,40234.8,2310000000.0,2939.76,2812.29,2983.11,2768.65,1590000000.0,89.792,87.827,92.187,84.514,358910000.0,0.7966,0.7937,0.8005,0.777,362680000.0,397.2,391.9,400.0,384.1,216450000.0
2022-03-19,42233.0,41768.0,42386.0,41529.6,224590000.0,2949.92,2939.76,2984.0,2895.3,392640.0,92.435,89.789,94.538,89.265,93620000.0,0.8197,0.7965,0.8265,0.7918,467540000.0,400.0,397.2,406.1,395.1,520289.99999999994
2022-03-20,41276.0,42241.0,42301.0,40922.0,308450000.0,2861.69,2950.03,2962.19,2819.27,436110.0,88.606,92.396,92.584,87.987,48970000.0,0.8061,0.8196,0.8217,0.7965,344780000.0,390.82,399.91,400.61,386.41,447960.0
2022-03-21,41022.0,41282.0,41532.0,40530.0,406620000.0,2891.63,2861.66,2960.42,2830.38,546610.0,88.62,88.607,91.287,86.834,61340000.0,0.8374,0.806,0.8543,0.7888,584250000.0,396.09,390.82,399.21,385.59,595930.0
2022-03-22,42373.0,41022.0,43327.9,40893.0,537060000.0,2969.64,2891.41,3048.32,2887.69,716470.0,90.424,88.61,93.956,88.024,64129999.99999999,0.8366,0.8373,0.8649,0.828,554920000.0,404.21,396.08,409.9,394.99,671450.0
2022-03-23,42912.0,42373.0,43027.0,41795.0,433960000.0,3036.12,2969.64,3042.28,2925.78,536630.0,94.924,90.462,96.285,89.296,88020000.0,0.8376,0.8366,0.8456,0.8188,449850000.0,408.32,404.21,411.61,398.38,584510.0
2022-03-24,44013.0,42911.0,44251.0,42658.0,491660000.0,3109.25,3036.18,3126.37,3005.99,699580.0,102.35,94.915,103.718,93.497,116970000.0,0.8428,0.8376,0.8496,0.8274,515909999.99999994,414.29,408.41,416.5,405.38,654660.0
2022-03-25,44331.0,44013.0,45112.0,43622.0,494090000.0,3103.51,3110.8,3192.73,3081.71,583250.0,98.649,102.392,104.885,97.124,88340000.0,0.8241,0.8427,0.8455,0.8208,385530000.0,410.21,414.29,421.49,405.63,664780.0
2022-03-26,44548.0,44331.0,44818.0,44090.0,196300000.0,3146.01,3103.43,3150.09,3085.8,244280.0,101.804,98.65,103.337,97.711,52440000.0,0.8329,0.8241,0.8349,0.8207,219770000.0,416.08,410.21,416.4,407.5,318190.0
2022-03-27,46859.0,44542.0,46947.0,44445.0,388790000.0,3297.04,3145.95,3297.4,3126.46,402020.0,107.093,101.804,107.42,98.85,59870000.0,0.8577,0.8329,0.858,0.8287,346340000.0,430.71,415.82,431.39,411.81,549350.0
2022-03-28,47105.0,46859.0,48199.0,46672.0,610270000.0,3329.38,3295.73,3428.41,3275.32,628910.0,105.689,107.093,113.871,105.257,136070000.0,0.8628,0.8579,0.9113,0.8535,820300000.0,429.81,430.71,440.82,428.29,806520.0
2022-03-29,47449.0,47126.0,48127.0,47029.0,478820000.0,3401.89,3329.67,3481.23,3329.67,570030.0,111.709,105.864,115.688,105.572,143960000.0,0.8577,0.8629,0.8854,0.8436,484880000.0,434.27,429.81,441.6,429.7,706070.0
2022-03-30,47075.0,47449.0,47714.0,46601.0,467760000.0,3385.64,3401.86,3445.98,3333.5,425380.0,120.727,111.708,125.149,107.203,222820000.0,0.8613,0.8577,0.8716,0.8466,392680000.0,442.01,434.17,449.2,425.78,856980.0
2022-03-31,45525.0,47071.0,47624.0,45228.0,520000000.0,3282.35,3385.6,3444.43,3263.36,545440.0,122.919,120.824,129.547,119.991,219280000.0,0.815,0.8614,0.8726,0.7982,630620000.0,428.84,442.01,452.11,424.49,1080000.0
2022-04-01,46297.0,45529.0,46728.0,44261.0,632930000.0,3456.18,3282.33,3478.74,3215.33,649920.0,134.599,122.856,138.377,117.9,223970000.0,0.8277,0.815,0.8339,0.8075,472970000.0,447.59,428.84,447.59,413.53,1080000.0
2022-04-02,45811.0,46299.0,47212.0,45641.0,345930000.0,3442.34,3456.18,3529.63,3436.79,629290.0,132.376,134.547,143.488,131.648,144800000.0,0.8237,0.8277,0.8497,0.8203,385670000.0,436.82,447.61,453.96,435.99,915820.0
2022-04-03,46407.0,45813.0,47435.0,45554.0,398860000.0,3521.1,3442.34,3579.82,3414.4,473540.0,136.804,132.4,141.046,130.744,117060000.0,0.8431,0.8239,0.8498,0.8152,294490000.0,450.3,436.85,455.68,432.3,766760.0
2022-04-04,46629.0,46407.0,46899.0,45152.0,446120000.0,3520.41,3521.16,3544.92,3412.01,547680.0,132.132,136.831,138.224,125.913,129190000.0,0.8265,0.843,0.8432,0.8065,399050000.0,447.87,450.31,450.5,433.63,840540.0
2022-04-05,45506.0,46614.0,47201.0,45388.0,421110000.0,3406.78,3520.35,3554.54,3400.74,500270.0,126.784,132.113,136.566,126.179,105880000.0,0.8164,0.8264,0.8361,0.8148,316930000.0,444.6,447.83,459.98,444.29,838170.0
2022-04-06,43173.0,45494.0,45519.0,43122.0,649520000.0,3169.58,3406.83,3406.87,3164.24,950590.0,112.99,126.759,127.368,112.077,218620000.0,0.7596,0.8164,0.8185,0.7586,610290000.0,420.19,444.6,444.6,418.55,1030000.0
2022-04-07,43448.0,43166.0,43893.0,42747.0,390850000.0,3228.84,3169.58,3268.56,3143.96,569390.0,118.577,112.997,119.914,110.897,168610000.0,0.7876,0.7596,0.7908,0.753,372840000.0,436.31,420.19,438.49,416.88,803590.0
2022-04-08,42275.0,43450.0,43979.0,42113.0,467830000.0,3193.93,3228.83,3311.42,3174.14,654820.0,110.009,118.575,122.375,108.168,139830000.0,0.7552,0.7873,0.7934,0.747,406460000.0,421.6,436.31,440.71,418.91,769820.0
2022-04-09,42767.0,42275.0,42809.0,42129.0,165160000.0,3259.35,3193.54,3268.18,3182.1,283240.0,112.812,109.98,113.602,108.309,72320000.0,0.7622,0.7551,0.7663,0.7534,197110000.0,426.83,421.58,428.2,419.81,414750.0
2022-04-10,42138.0,42760.0,43421.0,41884.0,255830000.0,3201.84,3259.59,3306.14,3198.1,327860.0,111.044,112.895,115.99,109.808,63540000.0,0.7542,0.7622,0.7725,0.7529,234620000.0,417.82,426.83,429.41,417.47,432810.0
2022-04-11,39497.0,42144.0,42418.0,39202.0,608380000.0,2978.29,3201.99,3213.52,2953.66,876670.0,99.532,111.15,111.924,98.289,134480000.0,0.6946,0.7542,0.7555,0.6841,648890000.0,394.2,417.82,419.6,391.87,962780.0
2022-04-12,40078.0,39507.0,40678.0,39265.0,468270000.0,3027.25,2978.45,3082.02,2951.8,790540.0,103.181,99.636,109.214,98.437,125780000.0,0.7146,0.6946,0.7251,0.6925,500450000.0,413.67,394.22,416.6,392.57,821330.0
2022-04-13,41133.0,40072.0,41515.0,39581.0,406700000.0,3116.92,3027.64,3128.2,2999.66,563890.0,104.88,103.184,105.924,100.134,93360000.0,0.7228,0.7151,0.725,0.702,433360000.0,423.08,413.67,424.49,410.61,724410.0
2022-04-14,39936.0,41133.0,41494.0,39585.0,294290000.0,3021.93,3117.21,3143.18,2980.84,546540.0,100.744,104.902,107.673,98.88,85650000.0,0.7263,0.7229,0.7406,0.709,462780000.0,414.7,423.11,426.89,411.62,529980.0
2022-04-15,40560.0,39936.0,40850.0,39781.0,233090000.0,3042.01,3021.93,3056.84,2996.62,309950.0,101.407,100.777,102.871,99.59,53650000.0,0.7856,0.7262,0.7956,0.7262,812680000.0,417.22,414.7,419.99,412.69,389030.0
2022-04-16,40382.0,40571.0,40691.0,40003.0,151310000.0,3058.96,3042.01,3084.84,3011.47,245470.0,102.118,101.387,103.465,100.787,35830000.0,0.781,0.7857,0.7988,0.7662,439790000.0,417.1,417.22,418.7,411.7,272230.0
2022-04-17,39703.0,40382.0,40599.0,39561.0,210010000.0,2989.05,3058.96,3081.14,2983.17,311540.0,100.296,102.108,105.445,99.732,63710000.0,0.7519,0.781,0.7858,0.7483,422300000.0,406.81,417.1,418.2,405.71,338550.0
2022-04-18,40803.0,39700.0,41095.0,38577.0,484260000.0,3055.64,2989.05,3069.07,2887.25,681760.0,102.304,100.225,102.628,94.834,103840000.0,0.7692,0.7519,0.7694,0.7282,596690000.0,416.82,406.79,418.01,396.41,690230.0
2022-04-19,41503.0,40809.0,41746.0,40585.0,268279999.99999997,3102.01,3055.86,3128.86,3030.32,427140.0,108.576,102.295,108.824,101.146,80810000.0,0.7748,0.7696,0.7815,0.7591,567780000.0,422.2,416.82,424.53,414.79,663870.0
2022-04-20,41368.0,41499.0,42203.0,40915.0,382840000.0,3076.38,3101.79,3161.9,3037.67,512720.0,105.55,108.604,110.868,104.368,97190000.0,0.7516,0.7748,0.7751,0.7425,493230000.0,418.29,422.2,431.12,415.2,749980.0
2022-04-21,40482.0,41370.0,42969.0,39793.0,493050000.0,2983.95,3076.06,3176.69,2950.97,675440.0,101.757,105.553,109.963,100.029,105020000.0,0.7328,0.7516,0.7673,0.7205,500740000.0,405.0,418.29,425.81,401.72,830740.0
2022-04-22,39709.0,40487.0,40792.0,39200.0,421300000.0,2963.0,2983.91,3029.14,2937.47,544890.0,100.533,101.735,103.541,99.255,84800000.0,0.7178,0.7328,0.7386,0.7149,461040000.0,406.6,405.0,413.81,403.52,621070.0
2022-04-23,39418.0,39709.0,39973.0,39291.0,190600000.0,2931.9,2963.0,2977.45,2917.84,227070.0,100.583,100.531,102.823,98.418,62480000.0,0.7055,0.7178,0.7263,0.7031,348930000.0,401.1,406.6,407.99,398.58,392090.0
2022-04-24,39464.0,39434.0,39929.0,39033.0,283630000.0,2922.03,2931.9,2966.94,2915.66,269290.0,99.227,100.583,102.248,98.718,68600000.0,0.6983,0.7055,0.7117,0.6957,229180000.0,398.9,401.12,405.39,397.78,368200.0
2022-04-25,40427.0,39464.0,40599.0,38233.0,654600000.0,3006.04,2922.03,3023.23,2800.21,807690.0,101.007,99.223,101.558,94.472,100050000.0,0.6931,0.6983,0.6993,0.6463,647880000.0,404.3,398.89,405.41,383.0,935570.0
2022-04-26,38113.0,40443.0,40770.0,37708.0,681470000.0,2810.42,3006.04,3032.7,2768.38,694460.0,95.683,100.973,101.972,94.672,76600000.0,0.6424,0.6931,0.7056,0.6291,634350000.0,385.91,404.3,407.31,381.21,689800.0
2022-04-27,39243.0,38113.0,39447.0,37869.0,426830000.0,2888.99,2810.42,2916.39,2795.58,602240.0,98.324,95.729,100.644,94.92,87270000.0,0.6521,0.6423,0.6622,0.637,496810000.0,391.31,385.91,394.61,383.6,633900.0
2022-04-28,39748.0,39243.0,40382.0,38888.0,542390000.0,2937.01,2889.01,2977.78,2856.42,726030.0,98.233,98.324,100.534,96.389,96830000.0,0.6428,0.6521,0.6568,0.6345,450140000.0,407.19,391.31,408.41,388.51,1030000.0
2022-04-29,38581.0,39748.0,39919.0,38175.0,382900000.0,2816.66,2937.01,2946.18,2778.33,629560.0,93.915,98.233,98.621,92.402,97130000.0,0.6115,0.6428,0.6469,0.601,582820000.0,392.99,407.19,410.59,390.1,781510.0
2022-04-30,37650.0,38590.0,38776.0,37596.0,248220000.0,2727.18,2817.14,2841.16,2716.31,430980.0,84.757,93.915,94.913,81.888,83420000.0,0.5852,0.6115,0.6282,0.5713,572630000.0,377.01,392.99,399.8,376.69,634840.0
2022-05-01,38461.0,37642.0,38676.0,37397.0,276990000.0,2825.8,2727.2,2847.02,2720.57,512010.0,89.681,84.772,93.113,84.178,83450000.0,0.607,0.5852,0.6124,0.5776,484630000.0,389.89,376.99,391.3,376.0,632320.0
2022-05-02,38514.0,38472.0,39134.0,38061.0,580790000.0,2856.01,2825.65,2879.99,2780.08,617740.0,87.462,89.741,90.766,85.095,102990000.0,0.6144,0.607,0.6304,0.5986,565440000.0,389.5,389.91,392.39,382.39,487850.0
2022-05-03,37718.0,38515.0,38647.0,37513.0,367210000.0,2781.47,2856.01,2861.42,2757.36,447800.0,85.833,87.463,88.765,84.656,71860000.0,0.6046,0.6144,0.6273,0.5962,486440000.0,383.79,389.5,392.2,379.89,423700.0
2022-05-04,39688.0,37717.0,40021.0,37660.0,691490000.0,2940.7,2781.47,2963.54,2773.9,662070.0,92.792,85.821,93.01,85.434,121570000.0,0.6461,0.6046,0.6493,0.6042,603130000.0,402.51,383.8,403.09,382.88,651200.0
2022-05-05,36544.0,39686.0,39833.0,36183.0,1040000000.0,2747.46,2940.7,2952.84,2730.95,899820.0,84.438,92.765,95.139,82.231,156600000.0,0.5981,0.6461,0.6567,0.5895,737320000.0,378.57,402.51,412.81,374.66,1350000.0
2022-05-06,36009.0,36540.0,36646.0,35267.0,752840000.0,2692.88,2747.6,2757.14,2635.85,881180.0,81.639,84.461,84.727,79.949,145420000.0,0.6022,0.5981,0.6157,0.5882,627490000.0,379.11,378.48,383.09,370.69,818350.0
2022-05-07,35468.0,36003.0,36119.0,34773.0,288860000.0,2636.03,2692.92,2703.11,2589.29,458050.0,78.841,81.643,82.252,77.227,80910000.0,0.5807,0.6022,0.6043,0.5697,410710000.0,365.48,379.11,380.6,360.62,632400.0
2022-05-08,34060.0,35468.0,35497.0,33727.0,671050000.0,2519.98,2636.03,2641.84,2492.59,925400.0,75.317,78.841,79.337,73.781,109880000.0,0.5662,0.5807,0.5829,0.5585,559530000.0,355.88,365.48,366.9,350.58,866370.0
2022-05-09,30095.0,34041.0,34227.0,30095.0,268090.0,2229.1,2519.98,2529.35,2228.9,1930000.0,61.967,75.308,77.187,61.967,9110000.0,0.4877,0.5662,0.5785,0.4751,1350000000.0,296.3,355.79,359.29,296.3,2280000.0
2022-05-10,31007.5,30098.2,32621.2,29831.0,235610.0,2342.3,2229.69,2455.19,2202.02,1950000.0,66.673,61.967,73.983,60.495,11810000.0,0.5132,0.4873,0.5363,0.4734,1510000000.0,318.99,296.31,332.4,289.8,2310000.0
2022-05-11,29068.2,31008.0,32113.6,27835.5,296900.0,2080.79,2342.27,2451.33,2007.57,2700000.0,50.647,66.69,68.31,43.394,17770000.0,0.4157,0.5133,0.523,0.3655,2580000000.0,270.92,319.0,322.7,261.48,3610000.0
2022-05-12,28976.0,29073.4,30136.7,26500.5,309480.0,1955.36,2087.17,2190.51,1796.24,2840000.0,44.622,50.605,53.955,37.342,19240000.0,0.3849,0.4158,0.4288,0.3366,2430000000.0,268.51,270.92,284.7,219.98,4590000.0
2022-05-13,29284.4,28994.3,31002.7,28755.0,141230.0,2009.53,1955.59,2146.22,1941.53,1340000.0,48.832,44.636,56.151,43.895,12830000.0,0.4228,0.3849,0.4632,0.3809,1180000000.0,290.89,268.51,313.1,265.6,1950000.0
2022-05-14,30080.4,29285.2,30277.4,28666.7,70460.0,2056.3,2009.55,2068.66,1952.07,656940.0,52.318,48.853,53.387,46.03,6990000.0,0.4261,0.4228,0.4407,0.3966,808360000.0,296.9,290.89,299.4,272.4,1120000.0
2022-05-15,31308.7,30078.6,31383.8,29499.4,65440.0,2145.86,2056.33,2161.78,2001.74,589770.0,58.664,52.312,59.243,49.692,5650000.0,0.4479,0.4261,0.4495,0.4154,485870000.0,312.2,296.9,312.6,285.9,792500.0
2022-05-16,29849.0,31308.3,31312.4,29135.8,100250.0,2022.93,2145.86,2145.86,1979.93,950850.0,53.643,58.673,58.806,51.951,7550000.0,0.423,0.448,0.448,0.4095,768300000.0,297.0,312.2,312.4,290.4,1010000.0
2022-05-17,30437.5,29856.7,30720.1,29484.5,79630.0,2091.14,2023.0,2120.03,2008.84,736630.0,57.056,53.654,58.188,53.187,6100000.0,0.4379,0.423,0.4402,0.4173,674390000.0,306.1,297.02,310.6,296.79,737170.0
2022-05-18,28683.7,30437.5,30687.9,28648.1,92030.0,1912.12,2091.05,2108.84,1909.56,751820.0,49.91,57.064,57.816,49.543,6700000.0,0.4052,0.4379,0.4425,0.4047,667120000.0,287.61,306.1,308.3,287.09,767470.0
2022-05-19,30305.9,28700.4,30525.1,28682.1,101380.0,2019.34,1913.99,2039.71,1903.67,858970.0,52.167,49.91,53.92,48.299,7260000.0,0.4203,0.4052,0.4239,0.392,507820000.0,306.9,287.61,308.9,287.1,724790.0
2022-05-20,29178.6,30305.9,30735.1,28738.5,98780.0,1959.85,2019.36,2061.08,1923.86,699690.0,49.414,52.15,53.55,47.879,7130000.0,0.4102,0.4203,0.4396,0.4018,619250000.0,302.28,306.99,315.86,294.39,980100.0
2022-05-21,29434.6,29188.7,29623.2,28953.9,32270.000000000004,1975.12,1959.79,1989.44,1940.59,292470.0,50.293,49.414,51.186,48.596,3000000.0,0.4145,0.4102,0.4179,0.4037,251000000.0,312.4,302.29,314.1,299.5,505940.0
2022-05-22,30286.6,29433.0,30462.0,29260.1,50600.0,2043.19,1975.12,2055.15,1966.34,425980.0,52.46,50.293,53.126,49.675,3780000.0,0.4218,0.4145,0.425,0.4104,268320000.0,319.3,312.4,323.39,311.7,673700.0
2022-05-23,29093.3,30287.3,30644.8,28913.6,92100.0,1972.93,2043.19,2086.21,1959.57,738090.0,49.094,52.468,54.629,48.67,6220000.0,0.4051,0.4218,0.4285,0.4005,443630000.0,316.98,319.31,337.0,315.49,1080000.0
2022-05-24,29648.7,29091.6,29810.8,28706.1,79420.0,1979.35,1973.01,1992.6,1914.48,620410.0,49.659,49.1,50.78,47.216,6240000.0,0.4086,0.4052,0.4135,0.3908,439110000.0,328.3,316.98,330.2,313.49,1160000.0
2022-05-25,29540.6,29648.7,30202.3,29353.5,78850.0,1942.91,1979.4,2020.64,1937.52,639930.0,47.961,49.655,50.472,47.602,4840000.0,0.4062,0.4086,0.4133,0.3958,584590000.0,325.79,328.3,337.39,324.48,1120000.0
2022-05-26,29203.5,29537.9,29868.9,28077.9,126710.0,1793.42,1942.89,1964.91,1744.12,1420000.0,43.369,47.961,48.624,41.846,10120000.0,0.3927,0.4062,0.4109,0.3771,862260000.0,303.2,325.79,331.61,298.31,1590000.0
2022-05-27,28601.2,29194.0,29377.1,28282.2,116410.0,1724.3,1793.19,1820.82,1708.62,1570000.0,41.076,43.404,43.889,40.053,11560000.0,0.3815,0.3926,0.4028,0.3766,792880000.0,301.09,303.19,309.5,291.4,1600000.0
2022-05-28,29027.1,28620.1,29194.4,28537.2,43870.0,1792.68,1724.67,1807.79,1722.88,658230.0,44.245,41.083,44.931,40.324,6160000.0,0.3864,0.3815,0.3887,0.3807,333920000.0,307.59,301.45,310.26,297.1,678020.0
2022-05-29,29465.2,29027.1,29556.5,28838.7,36870.0,1813.56,1792.25,1824.81,1764.72,554580.0,44.96,44.263,45.533,41.824,6940000.0,0.3891,0.3863,0.39,0.3794,279300000.0,305.9,307.59,308.01,299.01,551180.0
2022-05-30,31723.3,29465.2,32185.6,29307.2,129560.0,1998.46,1813.56,2009.95,1804.33,1040000.0,47.206,44.967,48.217,44.267,8289999.999999999,0.4186,0.3891,0.4196,0.387,552420000.0,321.8,305.9,323.7,304.1,1090000.0
2022-05-31,31793.4,31730.2,32377.5,31221.2,86600.0,1941.79,1998.46,2015.02,1928.93,933240.0,45.718,47.206,48.17,44.666,7320000.0,0.4216,0.4186,0.4334,0.4069,634000000.0,320.79,321.8,324.6,313.61,751920.0
2022-06-01,29798.5,31793.1,31969.9,29396.6,135090.0,1818.07,1941.81,1971.22,1770.85,1290000.0,40.1,45.722,46.097,39.691,7750000.0,0.398,0.4216,0.4262,0.3899,671550000.0,300.49,320.79,324.29,297.71,886640.0
2022-06-02,30455.5,29798.6,30638.5,29604.4,81400.0,1834.64,1817.98,1851.25,1784.23,975530.0,40.864,40.1,41.546,38.156,8189999.999999999,0.4054,0.398,0.407,0.391,558630000.0,308.41,300.49,309.21,298.38,522000.0
2022-06-03,29700.9,30455.7,30674.8,29330.8,72130.0,1775.29,1834.66,1843.31,1740.83,884530.0,38.265,40.856,41.512,37.701,7120000.0,0.3904,0.4055,0.4103,0.3843,473680000.0,298.7,308.41,310.2,293.49,515220.0
2022-06-04,29864.3,29700.9,29963.8,29489.5,33510.0,1804.37,1775.28,1815.19,1748.89,442100.0,38.953,38.265,39.212,35.818,5920000.0,0.3924,0.3904,0.3939,0.385,216560000.0,301.4,297.93,302.8,297.32,326830.0
2022-06-05,29913.0,29865.1,30166.9,29539.0,30330.0,1806.71,1804.6,1829.25,1773.65,437730.0,38.523,38.956,40.152,37.843,5360000.0,0.3954,0.3924,0.3995,0.3897,215220000.0,298.98,301.4,302.4,295.0,306120.0
2022-06-06,31367.6,29911.2,31753.4,29888.6,94010.0,1859.99,1806.11,1919.4,1804.77,939370.0,42.387,38.523,44.606,38.358,10620000.0,0.4028,0.3954,0.4092,0.3942,415310000.0,295.2,298.98,312.11,288.46,821940.0
2022-06-07,31128.8,31370.3,31556.6,29235.0,140320.0,1813.72,1859.99,1870.99,1727.77,1640000.0,39.321,42.387,42.479,37.543,11300000.0,0.4077,0.4028,0.4171,0.3851,671050000.0,290.3,295.2,295.72,274.17,1080000.0
2022-06-08,30201.6,31127.2,31312.1,29874.8,87960.0,1793.0,1813.05,1837.41,1766.94,1090000.0,38.805,39.33,40.83,38.307,6280000.0,0.4005,0.4076,0.4102,0.3951,479640000.0,288.41,290.3,294.57,284.12,561290.0
2022-06-09,30097.8,30202.1,30691.4,29953.8,61720.0,1788.06,1792.81,1832.7,1778.0,625760.0,39.948,38.82,41.824,38.456,6660000.0,0.4002,0.4006,0.404,0.397,396770000.0,289.9,288.4,293.4,286.39,368850.0
2022-06-10,29083.3,30097.4,30325.6,28884.9,104260.0,1663.02,1788.15,1803.54,1657.3,1130000.0,37.119,39.948,40.842,36.896,6720000.0,0.3815,0.4003,0.4117,0.3773,600310000.0,286.29,289.9,297.4,283.2,902830.0
2022-06-11,28403.4,29083.3,29426.6,28161.8,82920.0,1531.42,1663.04,1681.58,1503.15,1440000.0,33.874,37.149,37.9,33.24,6890000.0,0.3596,0.3815,0.3884,0.3563,473870000.0,269.71,286.29,290.4,265.58,666560.0
2022-06-12,26606.3,28404.0,28534.8,26606.3,120020.0,1435.46,1531.5,1542.01,1430.93,1820000.0,30.62,33.89,34.244,30.611,9840000.0,0.3432,0.3597,0.3651,0.3399,602160000.0,254.9,269.71,271.8,251.24,922740.0
2022-06-13,22448.0,26606.3,26857.6,22006.3,379260.0,1206.67,1434.43,1454.07,1168.68,4390000.0,28.405,30.605,30.999,26.06,20800000.0,0.3117,0.3432,0.3499,0.3016,1410000000.0,222.71,254.9,257.69,213.91,2630000.0
2022-06-14,22157.3,22449.1,23200.3,20860.9,251010.0,1210.84,1206.67,1261.39,1078.11,3270000.0,29.633,28.507,32.104,25.966,16970000.0,0.3218,0.3116,0.3249,0.2939,1060000000.0,223.4,222.71,231.18,204.61,2110000.0
2022-06-15,22577.9,22137.5,22754.4,20125.8,280410.0,1237.92,1208.82,1244.8,1016.99,3730000.0,34.708,29.6,34.769,26.798,17960000.0,0.3436,0.3217,0.3466,0.2988,1150000000.0,233.7,223.13,234.49,198.99,2220000.0
2022-06-16,20386.6,22577.9,22942.1,20231.1,144000.0,1068.49,1237.92,1254.28,1052.65,1760000.0,30.086,34.728,35.763,29.557,14600000.0,0.313,0.3436,0.347,0.3075,788830000.0,210.1,233.7,236.82,207.9,1040000.0
2022-06-17,20444.6,20391.3,21315.4,20244.1,136270.0,1086.47,1068.49,1116.46,1052.17,1450000.0,30.667,30.086,32.091,29.264,8790000.0,0.3209,0.3131,0.3395,0.3107,571410000.0,215.7,210.1,221.8,207.9,732050.0
2022-06-18,18986.5,20446.4,20744.7,17630.5,267250.0,995.61,1086.47,1096.93,883.35,2770000.0,31.95,30.687,31.98,27.184,12440000.0,0.3075,0.3209,0.3263,0.2876,717570000.0,197.09,215.7,218.9,184.06,1520000.0
2022-06-19,20577.2,18983.4,20763.5,17983.7,169390.0,1128.39,995.49,1152.07,938.24,2420000.0,34.209,31.965,35.23,28.929,11860000.0,0.3263,0.3075,0.3327,0.2984,515679999.99999994,215.0,197.09,216.52,189.8,1180000.0
2022-06-20,20572.3,20576.9,20996.8,19658.8,140600.0,1128.32,1128.39,1165.62,1056.58,2040000.0,35.265,34.207,36.793,31.751,11210000.0,0.3224,0.3263,0.3286,0.3138,463920000.0,216.6,215.0,218.71,204.89,928370.0
2022-06-21,20720.4,20571.6,21689.3,20371.7,136320.0,1125.96,1128.29,1192.27,1110.63,1600000.0,36.247,35.268,38.956,34.246,10240000.0,0.3294,0.3224,0.3371,0.3192,518669999.99999994,220.1,216.5,228.39,213.3,884070.0
2022-06-22,19965.8,20720.2,20864.3,19780.2,125940.0,1049.02,1125.96,1127.06,1045.37,1580000.0,34.082,36.302,36.82,33.665,9230000.0,0.3222,0.3294,0.3296,0.3191,443830000.0,214.1,220.1,220.79,211.39,736670.0
2022-06-23,21100.7,19967.3,21189.8,19907.5,110700.0,1144.19,1049.02,1152.97,1046.57,1570000.0,38.15,34.091,38.482,34.01,9780000.0,0.3357,0.3222,0.3369,0.3214,408830000.0,228.81,214.1,230.19,214.1,829960.0
2022-06-24,21226.9,21100.9,21488.7,20743.9,104560.0,1225.03,1144.33,1244.82,1132.87,1660000.0,41.896,38.15,42.846,37.743,9140000.0,0.3674,0.3357,0.3863,0.3351,808820000.0,240.19,228.8,243.09,228.4,745880.0
2022-06-25,21489.9,21226.9,21553.4,20917.5,66630.0,1241.76,1224.96,1255.55,1181.11,1030000.0,42.26,41.889,42.613,39.776,5850000.0,0.3675,0.3673,0.3738,0.3544,292630000.0,239.69,240.19,241.9,230.0,521630.0
2022-06-26,21043.5,21489.9,21837.4,20989.7,67210.0,1198.03,1241.8,1276.81,1196.2,1130000.0,39.411,42.225,42.46,39.221,5850000.0,0.359,0.3675,0.3748,0.3577,258890000.0,234.0,239.69,244.99,233.4,491510.0
2022-06-27,20730.2,21037.7,21497.5,20568.0,84690.0,1190.84,1198.03,1237.14,1176.77,1070000.0,38.444,39.401,41.174,37.93,6140000.0,0.3533,0.359,0.367,0.349,381450000.0,233.69,233.91,240.79,230.4,508720.0
2022-06-28,20278.0,20727.9,21200.2,20210.5,83830.0,1143.97,1191.02,1234.96,1137.57,1320000.0,35.315,38.444,39.878,35.146,8060000.000000001,0.3374,0.3534,0.3556,0.3357,453520000.0,227.09,233.7,242.31,225.99,669950.0
2022-06-29,20111.3,20278.0,20415.8,19880.7,98970.0,1099.51,1143.95,1155.02,1088.1,1540000.0,34.003,35.328,36.027,33.16,8770000.0,0.3294,0.3374,0.3415,0.3206,474440000.0,219.69,227.09,229.7,215.7,755920.0
2022-06-30,19926.6,20111.3,20155.1,18682.7,127730.0,1069.05,1099.51,1105.88,1000.77,1710000.0,33.749,34.003,34.137,30.991,8570000.0,0.332,0.3294,0.3325,0.3061,646650000.0,219.39,219.69,220.19,205.9,829040.0
2022-07-01,19262.9,19926.6,20785.6,18980.1,150180.0,1058.94,1069.13,1110.25,1035.79,1890000.0,32.846,33.741,35.332,31.87,9360000.0,0.314,0.332,0.3345,0.3105,511230000.0,216.79,219.41,226.8,213.6,862600.0
2022-07-02,19243.2,19275.4,19425.4,19006.4,58570.0,1066.6,1059.05,1077.66,1029.03,865060.0,33.348,32.843,34.018,31.902,3950000.0,0.3155,0.314,0.3179,0.3098,251140000.0,218.2,216.9,219.7,213.91,367350.0
2022-07-03,19309.9,19243.4,19626.4,18794.4,65269.99999999999,1074.08,1066.6,1086.9,1041.82,755270.0,33.397,33.348,33.632,32.178,3240000.0,0.3214,0.3155,0.3256,0.3092,279120000.0,219.2,218.2,219.9,214.22,386920.0
2022-07-04,20215.8,19310.6,20303.8,19052.5,92790.0,1151.19,1074.07,1159.76,1045.97,1350000.0,36.706,33.397,36.893,32.475,5670000.0,0.3286,0.3215,0.3298,0.3148,379970000.0,231.3,219.2,232.11,215.09,543900.0
2022-07-05,20200.6,20215.8,20706.9,19315.4,122430.0,1133.9,1151.19,1170.97,1079.36,1590000.0,35.411,36.707,36.932,33.173,8870000.0,0.3257,0.3286,0.3309,0.3134,492080000.0,231.09,231.3,236.6,223.12,731550.0
2022-07-06,20561.1,20180.4,20654.9,19785.3,105240.0,1186.45,1133.87,1202.09,1112.02,1420000.0,37.037,35.411,37.563,34.843,7480000.0,0.3324,0.3257,0.334,0.3201,450080000.0,238.59,231.09,239.81,229.01,683510.0
2022-07-07,21637.8,20557.9,21817.8,20282.7,115810.0,1238.15,1186.48,1252.69,1163.85,1180000.0,38.484,37.037,39.266,36.417,6020000.0,0.3427,0.3325,0.3452,0.3269,384270000.0,241.5,238.49,243.69,235.4,514190.00000000006
2022-07-08,21611.2,21637.1,22482.1,21207.0,439900.0,1216.33,1238.1,1275.69,1194.15,1450000.0,38.134,38.49,39.531,36.504,7380000.0,0.3408,0.3424,0.3584,0.336,549480000.0,240.8,241.49,247.0,237.19,666740.0
2022-07-09,21587.5,21610.4,21944.1,21338.4,190110.0,1216.94,1216.26,1232.69,1205.26,644470.0,38.07,38.146,38.847,37.802,3090000.0,0.3448,0.3407,0.3476,0.3397,182920000.0,243.39,240.8,244.9,240.7,281310.0
2022-07-10,20847.4,21587.4,21599.2,20689.7,204680.0,1167.35,1216.94,1219.26,1155.25,1120000.0,36.69,38.07,38.101,36.327,3040000.0,0.3253,0.3448,0.3449,0.3206,324310000.0,234.6,243.39,243.49,231.89,412680.0
2022-07-11,19963.2,20847.2,20855.0,19897.0,160200.0,1096.43,1167.35,1170.63,1093.28,1340000.0,33.448,36.69,36.697,33.262,4790000.0,0.3151,0.3253,0.3289,0.311,358570000.0,225.7,234.6,234.9,225.29,435870.0
2022-07-12,19330.9,19963.2,20051.7,19279.6,167910.0,1038.56,1096.41,1097.75,1035.82,1490000.0,32.667,33.448,34.58,32.611,4740000.0,0.3117,0.3151,0.318,0.308,375630000.0,220.6,225.7,228.3,220.29,427300.0
2022-07-13,20250.0,19331.6,20250.8,18942.2,249380.0,1115.83,1038.6,1116.51,1012.29,2480000.0,34.937,32.674,35.02,31.942,7130000.0,0.3237,0.3117,0.3256,0.3034,520809999.99999994,230.59,220.6,230.89,216.7,754340.0
2022-07-14,20586.0,20250.0,20862.2,19664.9,205280.0,1192.75,1115.8,1210.17,1072.58,1860000.0,37.132,34.957,37.273,33.621,8020000.0,0.3336,0.3237,0.3339,0.3126,456440000.0,238.4,230.59,239.8,227.11,603250.0
2022-07-15,20825.1,20586.1,21178.1,20393.4,164670.0,1231.03,1192.83,1284.76,1182.22,1740000.0,37.367,37.139,39.02,36.586,6750000.0,0.334,0.3336,0.3486,0.3278,538800000.0,238.4,238.4,242.51,235.6,484600.0
2022-07-16,21209.9,20825.2,21561.3,20484.4,136890.0,1356.08,1231.03,1399.16,1192.18,1770000.0,39.6,37.367,40.372,36.374,5900000.0,0.3505,0.334,0.3559,0.3316,385800000.0,249.79,238.5,251.0,233.99,461480.0
2022-07-17,20785.6,21209.8,21654.4,20755.2,132810.0,1337.85,1356.0,1385.23,1323.23,1410000.0,38.557,39.603,41.064,38.336,5780000.0,0.3431,0.3504,0.3604,0.3425,290480000.0,247.8,249.8,255.5,246.6,463530.0
2022-07-18,22525.8,20785.6,22714.9,20770.6,279720.0,1584.77,1337.92,1590.95,1336.75,2370000.0,43.578,38.589,44.02,38.574,9240000.0,0.3657,0.3432,0.3696,0.3431,572000000.0,264.6,247.8,265.31,247.7,777090.0
2022-07-19,23410.2,22529.3,23757.3,21581.8,308910.0,1543.5,1584.33,1620.35,1494.88,2180000.0,44.89,43.578,47.255,42.608,11610000.0,0.3734,0.3656,0.3766,0.3516,544060000.0,268.6,264.2,274.5,256.0,973370.0
2022-07-20,23215.2,23412.0,24258.0,22944.4,281310.0,1520.64,1543.45,1618.43,1488.73,1650000.0,42.04,44.89,46.26,41.383,10210000.0,0.3626,0.3734,0.3814,0.3576,485320000.0,258.3,268.6,272.0,256.7,800680.0
2022-07-21,23153.0,23219.9,23403.8,22360.2,217080.0,1575.68,1520.66,1600.35,1465.93,1550000.0,43.131,42.051,44.03,39.7,9870000.0,0.3668,0.3626,0.3682,0.3489,394250000.0,265.5,258.11,265.9,250.8,569550.0
2022-07-22,22675.2,23150.0,23741.4,22524.2,197540.0,1534.85,1575.68,1644.99,1520.36,1430000.0,40.539,43.131,44.285,40.056,7010000.0,0.3576,0.3668,0.3713,0.3543,329790000.0,262.21,265.5,271.3,261.2,527650.0
2022-07-23,22460.4,22683.6,22991.0,21971.7,137420.0,1549.61,1534.85,1596.02,1490.35,1030000.0,39.99,40.536,41.897,38.664,5160000.0,0.3593,0.3577,0.3628,0.3499,203400000.0,259.2,262.5,272.31,252.9,510760.0
2022-07-24,22582.1,22449.8,22987.9,22281.3,126660.0,1598.19,1549.61,1659.93,1547.7,1180000.0,40.987,39.997,42.076,39.49,4630000.0,0.3586,0.3593,0.3666,0.356,242340000.0,261.5,259.2,266.0,257.29,348730.0
2022-07-25,21301.9,22582.3,22653.3,21275.4,206930.0,1438.52,1598.19,1608.06,1438.5,1650000.0,36.661,40.973,41.077,36.6,6730000.0,0.3358,0.3586,0.3601,0.3356,394690000.0,244.7,261.49,262.6,244.7,479420.0
2022-07-26,21248.7,21301.6,21322.3,20737.3,201570.0,1450.7,1438.76,1451.46,1357.7,1420000.0,36.27,36.643,36.806,34.707,6750000.0,0.3376,0.3358,0.3383,0.3256,425200000.0,249.3,244.69,249.3,239.7,383390.0
2022-07-27,22958.3,21248.0,23027.8,21047.5,242660.0,1636.01,1449.65,1643.7,1421.17,1800000.0,40.259,36.267,40.484,35.697,8430000.0,0.3595,0.3376,0.3596,0.3304,446600000.0,271.6,249.5,271.89,247.6,687730.0
2022-07-28,23850.0,22957.7,24190.5,22611.6,268320.0,1726.01,1635.99,1781.39,1597.67,1870000.0,42.98,40.259,44.136,39.053,9910000.0,0.3738,0.3594,0.3789,0.3495,533669999.99999994,277.2,271.6,280.5,263.91,707000.0
2022-07-29,23774.3,23850.2,24340.0,23451.4,221660.0,1720.77,1725.97,1764.74,1658.26,1440000.0,41.909,42.986,44.309,41.231,7190000.0,0.3677,0.3738,0.3797,0.3598,443230000.0,293.61,277.2,301.51,274.9,1130000.0
2022-07-30,23634.2,23774.2,24605.3,23521.8,168720.0,1695.97,1720.8,1741.34,1674.42,891420.0,43.837,41.909,46.562,41.494,7860000.0,0.3877,0.3678,0.4091,0.3634,583130000.0,287.7,293.61,299.9,285.1,721680.0
2022-07-31,23303.4,23634.2,24179.3,23236.2,138840.0,1680.0,1695.99,1752.94,1667.41,822230.0,42.416,43.84,45.15,42.267,4710000.0,0.3793,0.3877,0.3986,0.3786,359210000.0,283.5,287.8,296.9,282.21,592910.0
2022-08-01,23271.2,23303.4,23484.4,22863.8,162330.0,1630.1,1679.98,1702.81,1607.29,959530.0,41.749,42.374,43.236,40.62,4830000.0,0.3791,0.3793,0.3858,0.3713,342910000.0,283.49,283.5,290.4,278.1,517909.99999999994
2022-08-02,22988.6,23271.1,23423.3,22670.8,177300.0,1631.48,1630.07,1675.51,1560.17,1250000.0,39.733,41.743,42.403,39.584,5200000.0,0.3715,0.3791,0.3934,0.367,443990000.0,283.8,283.49,290.81,274.69,652870.0
2022-08-03,22820.8,22988.7,23623.7,22698.6,174660.0,1618.08,1631.46,1682.23,1591.6,906080.0,38.56,39.761,40.896,37.571,12440000.0,0.3695,0.3715,0.3773,0.3632,353810000.0,297.5,283.8,305.5,278.31,715470.0
2022-08-04,22612.1,22822.2,23214.5,22438.7,181190.0,1606.94,1618.07,1661.15,1581.18,881560.0,38.804,38.567,39.802,37.99,5840000.0,0.3708,0.3695,0.3749,0.3644,290340000.0,311.5,297.5,313.1,297.3,849600.0
2022-08-05,23308.2,22613.3,23447.6,22593.5,208900.0,1737.71,1607.0,1740.33,1605.71,1210000.0,40.573,38.807,41.29,38.733,5150000.0,0.3764,0.3708,0.3782,0.3675,292340000.0,315.9,311.8,321.4,308.1,682090.0
2022-08-06,22944.2,23308.2,23344.4,22923.6,94440.0,1690.27,1737.66,1749.33,1687.74,696110.0,40.055,40.56,40.893,39.877,2310000.0,0.3714,0.3764,0.3776,0.3707,136310000.0,315.01,315.9,322.61,312.99,422570.0
2022-08-07,23175.3,22944.2,23387.7,22852.3,99360.0,1700.29,1690.29,1728.97,1669.39,530480.0,40.594,40.076,41.53,39.239,2550000.0,0.3723,0.3714,0.3771,0.3682,144560000.0,322.8,315.2,325.31,308.67,449010.0
2022-08-08,23816.3,23175.3,24234.1,23160.6,197940.0,1778.42,1700.26,1813.45,1694.69,951020.0,42.23,40.603,43.664,40.57,5250000.0,0.3788,0.3723,0.3845,0.3714,404560000.0,325.0,322.8,333.51,321.21,617090.0
2022-08-09,23146.7,23818.1,23912.0,22886.5,169620.0,1702.8,1778.15,1789.55,1668.79,960580.0,40.353,42.196,42.74,39.841,4150000.0000000005,0.3674,0.3788,0.38,0.361,355880000.0,324.4,324.99,328.1,312.51,530170.0
2022-08-10,23962.9,23150.3,24209.9,22714.7,243610.0,1853.46,1702.8,1881.39,1657.78,1520000.0,42.462,40.353,42.725,39.167,6410000.0,0.3814,0.3673,0.3814,0.3586,432450000.0,328.8,324.4,336.6,313.8,877790.0
2022-08-11,23935.3,23963.3,24873.5,23864.0,285360.0,1880.28,1853.5,1931.06,1850.72,1310000.0,42.757,42.462,45.263,42.363,7680000.0,0.3801,0.3814,0.3855,0.3774,427940000.0,323.6,328.8,334.6,322.1,574500.0
2022-08-12,24398.7,23935.3,24440.8,23616.4,194960.0,1957.63,1880.3,1961.83,1856.64,834690.0,45.439,42.762,45.477,42.173,4910000.0,0.3794,0.3801,0.3808,0.3703,349890000.0,328.0,323.6,328.0,318.09,404310.0
2022-08-13,24442.5,24398.9,24882.9,24318.7,170590.0,1983.5,1957.62,2018.97,1946.65,798080.0,46.569,45.446,48.341,45.289,6810000.0,0.378,0.3794,0.3871,0.3764,239060000.0,324.1,328.0,332.8,323.0,429430.0
2022-08-14,24302.8,24442.1,24997.3,24172.2,177250.0,1935.1,1983.52,2028.4,1909.19,662150.0,44.876,46.566,48.019,44.489,4980000.0,0.3757,0.378,0.3921,0.3741,351610000.0,317.51,324.11,330.99,316.0,405750.0
2022-08-15,24101.7,24303.3,25205.7,23784.5,279280.0,1900.25,1935.1,2012.02,1873.7,1090000.0,43.71,44.87,47.192,42.777,6250000.0,0.3751,0.3757,0.3849,0.3663,454560000.0,319.5,317.51,327.11,313.89,478540.0
2022-08-16,23856.8,24102.6,24240.8,23693.8,201700.0,1876.7,1900.08,1914.06,1856.44,725780.0,43.127,43.713,44.296,42.595,5080000.0,0.377,0.3751,0.3782,0.3668,375770000.0,316.11,319.5,322.3,312.39,390590.0
2022-08-17,23338.0,23855.8,24423.5,23191.6,239530.0,1834.18,1876.69,1956.54,1821.0,1100000.0,40.519,43.1,44.684,40.209,6810000.0,0.3796,0.377,0.3918,0.3685,590030000.0,306.9,316.1,323.62,304.7,530060.0
2022-08-18,23203.6,23337.7,23578.0,23131.3,160970.0,1846.51,1834.19,1880.22,1822.04,675270.0,39.495,40.519,41.654,39.443,4610000.0,0.3702,0.3796,0.3811,0.3693,375450000.0,298.01,306.9,310.39,295.99,434290.0
2022-08-19,20831.3,23201.6,23202.3,20807.8,339470.0,1609.48,1846.52,1846.97,1607.6,1590000.0,35.844,39.488,39.573,35.435,10310000.0,0.3346,0.3702,0.3703,0.3315,746160000.0,279.12,298.1,298.1,277.99,913480.0
2022-08-20,21138.9,20830.7,21357.4,20784.8,206940.0,1575.6,1609.01,1654.84,1525.51,1010000.0,35.28,35.876,37.254,34.294,6960000.0,0.3368,0.3346,0.3427,0.3322,353660000.0,283.8,279.11,289.0,277.23,539840.0
2022-08-21,21517.2,21138.9,21692.4,21077.4,177520.0,1618.25,1575.61,1644.88,1563.92,852070.0,36.458,35.28,37.013,34.587,5440000.0,0.3447,0.3368,0.3483,0.3355,313560000.0,301.71,283.8,303.91,283.6,561980.0
2022-08-22,21416.3,21516.8,21517.4,20912.1,251830.0,1626.75,1618.21,1627.13,1531.91,1040000.0,35.45,36.458,36.53,33.812,6220000.0,0.3441,0.3449,0.345,0.3316,451150000.0,300.2,301.71,304.4,288.89,665960.0
2022-08-23,21517.2,21416.5,21661.0,20919.6,228650.0,1664.89,1626.7,1672.63,1564.37,1050000.0,35.657,35.432,36.09,34.262,4210000.0,0.3471,0.3441,0.3479,0.3328,425190000.0,299.11,300.2,301.6,293.9,419580.0
2022-08-24,21365.2,21516.2,21832.3,21171.1,202400.0,1656.64,1665.3,1691.25,1606.06,827200.0,34.896,35.653,36.362,34.317,4210000.0,0.3456,0.3472,0.3524,0.339,371600000.0,296.4,299.11,300.11,294.5,357190.0
2022-08-25,21565.4,21365.4,21801.2,21324.8,190150.0,1695.37,1656.64,1720.84,1654.77,677670.0,35.29,34.892,36.47,34.886,3820000.0,0.3491,0.3456,0.3521,0.3437,399650000.0,301.3,296.4,306.7,296.0,416120.0
2022-08-26,20249.9,21564.2,21815.3,20122.4,322160.0,1508.08,1695.38,1703.32,1490.67,1340000.0,31.756,35.277,35.716,31.448,7560000.0,0.339,0.3491,0.37,0.3326,782040000.0,279.22,301.3,301.61,277.2,616520.0
2022-08-27,20033.9,20249.9,20343.6,19849.8,187340.0,1490.83,1508.32,1518.14,1449.31,866820.0,31.523,31.75,32.243,30.89,4380000.0,0.3346,0.3392,0.3437,0.3291,327260000.0,277.8,279.5,284.5,274.3,432310.0
2022-08-28,19550.2,20034.2,20150.8,19542.9,159600.0,1426.25,1490.88,1507.92,1424.69,633350.0,30.33,31.526,32.174,30.236,3290000.0,0.3222,0.3346,0.3372,0.3217,273060000.0,276.49,277.9,284.0,275.79,329440.0
2022-08-29,20295.8,19551.3,20394.5,19551.2,248040.0,1552.6,1426.25,1559.46,1424.33,931760.0,32.42,30.362,32.613,30.03,5710000.0,0.3339,0.3223,0.334,0.3187,480910000.0,285.9,276.49,286.6,272.4,501730.0
2022-08-30,19792.6,20295.6,20558.2,19559.7,308410.0,1523.34,1552.56,1605.3,1475.68,1140000.0,31.443,32.417,33.123,30.713,5400000.0,0.3266,0.3339,0.3356,0.3204,431010000.0,281.5,285.9,292.0,276.8,454390.0
2022-08-31,20043.9,19793.4,20469.1,19793.4,318170.0,1555.12,1523.39,1617.09,1523.39,1070000.0,31.507,31.454,32.904,31.197,4120000.0,0.3277,0.3267,0.3339,0.3231,394940000.0,279.11,281.5,289.8,277.7,402500.0
2022-09-01,20126.1,20049.9,20202.7,19584.4,275080.0,1585.48,1554.57,1597.48,1514.75,823900.0,31.603,31.507,31.766,30.486,3350000.0,0.3331,0.3277,0.3334,0.3218,382360000.0,278.31,279.2,280.3,270.82,438340.0
2022-09-02,19952.7,20131.6,20428.2,19764.7,272220.0,1575.34,1585.55,1647.5,1547.68,1040000.0,31.257,31.6,32.376,30.796,3460000.0,0.3314,0.3331,0.3353,0.3253,341490000.0,277.5,278.4,283.1,274.1,335980.0
2022-09-03,19831.4,19952.8,20043.8,19660.7,157850.0,1557.55,1575.31,1581.37,1535.98,378790.0,31.12,31.25,31.273,30.817,1330000.0,0.3296,0.3314,0.3336,0.3267,189980000.0,277.8,277.5,278.6,274.4,157250.0
2022-09-04,19999.9,19832.2,20017.8,19594.7,158270.0,1578.89,1557.35,1580.81,1541.16,339060.0,32.13,31.124,32.176,31.024,1880000.0,0.3317,0.3298,0.3327,0.3278,172370000.0,278.91,277.8,280.3,275.11,203610.0
2022-09-05,19793.1,19999.9,20042.9,19650.7,238710.0,1617.07,1578.9,1628.77,1557.66,571750.0,32.157,32.151,32.485,31.16,2300000.0,0.3329,0.3317,0.3335,0.3227,309630000.0,276.71,278.91,281.21,273.5,271400.0
2022-09-06,18786.4,19793.4,20169.3,18723.3,402430.0,1557.85,1617.4,1686.23,1556.09,1180000.0,30.872,32.16,33.85,30.549,6340000.0,0.3214,0.3329,0.343,0.3196,590010000.0,262.3,276.71,286.2,262.0,666330.0
2022-09-07,19281.5,18786.3,19445.9,18548.4,319100.0,1629.51,1557.85,1657.05,1493.19,976590.0,32.681,30.872,32.921,30.38,3570000.0,0.3368,0.3214,0.3385,0.3137,486160000.0,278.81,262.3,280.11,258.72,453820.0
2022-09-08,19317.4,19281.5,19444.7,19034.5,291430.0,1634.85,1629.63,1660.56,1595.9,772840.0,33.603,32.697,33.88,32.037,4170000.0,0.3396,0.3368,0.3433,0.3284,434480000.0,280.5,278.81,282.29,275.7,401240.0
2022-09-09,21365.2,19318.8,21545.7,19294.1,480370.0,1718.81,1635.33,1743.47,1631.17,969870.0,34.719,33.603,35.889,33.593,5480000.0,0.3569,0.3396,0.359,0.3395,587110000.0,293.4,280.5,295.69,280.1,566000.0
2022-09-10,21650.4,21363.8,21790.6,21139.9,331120.0,1774.38,1718.84,1788.1,1707.81,470190.0,35.055,34.683,35.402,34.28,2890000.0,0.3573,0.3569,0.3617,0.3518,330500000.0,296.61,293.4,298.6,290.5,346490.0
2022-09-11,21834.9,21650.4,21836.4,21363.0,297120.0,1766.93,1774.38,1786.73,1722.62,467420.0,34.99,35.039,35.974,34.08,2940000.0,0.3552,0.3573,0.3601,0.3496,255600000.0,295.4,296.6,298.09,291.0,274900.0
2022-09-12,22395.3,21836.6,22465.4,21581.6,431980.0,1716.42,1766.99,1782.74,1694.08,727780.0,37.458,35.006,38.296,34.426,7160000.0,0.3598,0.3552,0.36,0.348,424580000.0,293.81,295.4,299.8,290.9,425020.0
2022-09-13,20175.5,22395.3,22702.5,19909.6,485320.0,1574.47,1716.45,1751.5,1562.3,1300000.0,32.996,37.453,38.916,32.976,8910000.0,0.3326,0.3598,0.3602,0.3311,652150000.0,277.4,294.1,298.02,275.7,598910.0
2022-09-14,20222.5,20175.5,20503.7,19654.2,374220.0,1637.92,1574.41,1646.09,1556.97,858280.0,34.113,32.996,34.326,32.763,4330000.0,0.3418,0.3326,0.3441,0.3315,608620000.0,279.4,277.4,282.51,273.42,439580.0
2022-09-15,19701.7,20222.3,20321.4,19532.3,358420.0,1472.64,1637.89,1653.55,1461.16,1660000.0,33.088,34.113,34.755,32.564,4830000.0,0.3263,0.3418,0.3427,0.3246,705310000.0,271.0,279.4,280.5,267.19,538130.0
2022-09-16,19802.4,19701.9,19883.0,19352.9,315590.0,1434.01,1472.63,1483.43,1410.9,829010.0,32.233,33.088,33.202,31.541,3290000.0,0.3552,0.3263,0.3577,0.3219,615850000.0,274.9,271.0,276.4,268.61,325880.0
2022-09-17,20113.5,19802.8,20178.6,19761.0,204580.0,1468.79,1434.01,1475.05,1409.65,483780.0,33.711,32.243,33.89,32.227,1930000.0,0.3759,0.3552,0.3799,0.3465,712350000.0,279.09,274.9,279.7,274.8,198670.0
2022-09-18,19418.8,20113.9,20113.9,19347.7,273110.0,1335.01,1468.76,1469.21,1327.21,934280.0,31.1,33.695,33.987,30.875,3150000.0,0.3578,0.3759,0.3975,0.356,1070000000.0000001,266.21,279.09,280.0,264.06,345830.0
2022-09-19,19538.9,19417.4,19666.6,18277.8,423430.0,1376.0,1334.82,1391.5,1284.5,1110000.0,32.623,31.103,33.033,30.637,4810000.0,0.3849,0.3578,0.3925,0.3403,1170000000.0,272.0,266.2,272.9,256.71,531460.0
2022-09-20,18872.4,19538.9,19626.3,18742.6,361180.0,1323.33,1375.96,1384.39,1315.03,765140.0,31.413,32.623,32.87,31.336,3610000.0,0.4148,0.3847,0.4226,0.371,1730000000.0,266.21,272.0,273.5,265.49,350250.0
2022-09-21,18489.0,18875.1,19758.4,18191.8,446850.0,1247.74,1323.34,1388.38,1222.29,1390000.0,30.761,31.413,33.374,30.11,6190000.0,0.394,0.4146,0.4316,0.3848,1450000000.0,264.49,266.3,276.29,260.71,557800.0
2022-09-22,19404.0,18488.1,19490.9,18371.0,448630.0,1326.44,1247.64,1346.38,1237.96,1110000.0,32.415,30.706,32.85,30.607,4080000.0,0.4852,0.394,0.494,0.394,2029999999.9999998,275.3,264.49,276.2,263.51,353190.0
2022-09-23,19293.5,19404.1,19477.3,18554.8,431150.0,1327.96,1326.12,1356.74,1264.91,1160000.0,33.67,32.417,33.95,31.257,5110000.0,0.5077,0.4858,0.557,0.4568,2730000000.0,276.8,275.3,277.79,269.4,376670.0
2022-09-24,18925.2,19288.4,19310.6,18812.0,258500.0,1317.0,1327.91,1348.91,1307.96,559420.0,33.417,33.667,34.744,33.189,4450000.0,0.4878,0.5077,0.5188,0.4724,1170000000.0,274.6,276.7,284.9,274.6,340890.0
2022-09-25,18803.2,18925.1,19125.1,18659.6,209710.0,1294.26,1317.01,1335.73,1271.87,579090.0,32.306,33.383,34.037,31.953,2880000.0,0.492,0.4878,0.5196,0.4762,1170000000.0,274.11,274.59,279.6,271.31,233520.0
2022-09-26,19225.7,18803.1,19304.8,18695.2,516030.0,1337.06,1294.24,1339.17,1279.71,1050000.0,33.887,32.316,33.94,31.89,4840000.0,0.4682,0.4919,0.5016,0.458,953400000.0,276.11,274.11,276.61,270.9,280450.0
2022-09-27,19081.0,19228.8,20361.2,18850.4,660120.0,1328.23,1337.07,1399.67,1305.49,1000000.0,32.69,33.887,35.352,32.128,6490000.0,0.4468,0.4682,0.4874,0.437,912720000.0,272.4,276.11,286.31,269.61,425490.0
2022-09-28,19411.0,19083.4,19757.8,18505.3,581190.0,1337.37,1328.23,1354.75,1261.29,1080000.0,33.213,32.69,33.78,31.677,4700000.0,0.4488,0.4468,0.4553,0.4176,860090000.0,281.6,272.39,283.69,266.5,376460.0
2022-09-29,19593.0,19420.2,19631.5,18877.9,449570.0,1336.08,1337.34,1351.61,1289.66,871660.0,33.917,33.213,34.41,32.697,4290000.0,0.4869,0.4488,0.5086,0.4276,1100000000.0,284.0,281.6,285.49,277.3,317640.0
2022-09-30,19423.0,19593.4,20174.9,19208.9,490290.0,1328.73,1336.05,1372.44,1316.62,866630.0,33.243,33.921,35.173,32.661,6280000.0,0.4799,0.487,0.4986,0.4709,981820000.0,284.89,284.0,289.8,280.69,411860.0
2022-10-01,19311.9,19422.9,19480.3,19172.6,173910.0,1311.8,1328.73,1333.61,1303.22,293020.0,32.443,33.246,33.246,32.4,2190000.0,0.4754,0.4799,0.4863,0.4677,483100000.0,282.91,284.89,285.31,277.99,207720.0
2022-10-02,19052.2,19311.9,19389.9,18937.3,222820.0,1275.74,1311.8,1317.41,1272.38,432450.0,32.064,32.437,33.01,31.932,2410000.0,0.4483,0.4753,0.4781,0.4454,493040000.0,284.41,282.91,287.8,279.69,213310.0
2022-10-03,19628.3,19057.6,19676.0,19001.3,333030.0,1323.41,1277.02,1329.16,1266.86,604190.0,32.888,32.064,33.251,31.797,3120000.0,0.4623,0.4483,0.4691,0.4382,573490000.0,287.0,284.7,288.8,283.54,290090.0
2022-10-04,20340.2,19629.7,20436.1,19506.4,368170.0,1361.48,1323.37,1367.3,1318.87,550050.0,34.101,32.884,34.391,32.844,3120000.0,0.4796,0.4622,0.485,0.4521,729110000.0,296.3,287.0,298.19,286.3,336490.0
2022-10-05,20157.5,20340.5,20353.8,19761.7,352760.0,1352.07,1361.51,1364.03,1317.58,564420.0,34.04,34.101,34.364,33.229,3080000.0,0.4887,0.4796,0.5007,0.4723,795810000.0,294.1,296.3,296.3,289.41,230540.0
2022-10-06,19956.7,20157.5,20436.7,19873.7,370600.0,1352.27,1352.07,1383.02,1347.78,680650.0,33.369,34.036,34.494,33.254,3240000.0,0.4936,0.4887,0.5056,0.4885,581530000.0,287.0,294.1,297.9,279.48,470760.0
2022-10-07,19531.3,19962.4,20051.4,19352.1,263500.0,1330.99,1352.17,1361.26,1319.17,574760.0,32.98,33.356,33.769,32.452,3070000.0,0.5178,0.4935,0.5263,0.4824,727400000.0,282.41,287.0,287.0,279.78,371130.0
2022-10-08,19415.0,19530.2,19612.2,19274.7,113500.0,1315.05,1331.07,1336.69,1304.08,227700.0,32.576,32.97,33.07,32.398,1400000.0,0.5172,0.5177,0.5287,0.5112,485420000.0,276.3,282.41,282.7,275.6,194350.0
2022-10-09,19441.0,19416.3,19552.1,19329.6,127530.0,1323.41,1315.08,1328.55,1308.15,210500.0,32.923,32.584,33.134,32.444,1360000.0,0.5326,0.5172,0.5468,0.5064,507030000.0,278.11,276.4,279.4,275.21,179570.0
2022-10-10,19134.6,19441.7,19520.7,19057.0,243770.0,1290.04,1323.17,1337.58,1288.68,451440.0,31.934,32.923,33.433,31.926,2450000.0,0.4938,0.5325,0.5379,0.4938,717970000.0,271.51,278.2,279.1,271.51,227920.0
2022-10-11,19059.1,19134.3,19261.3,18868.7,288570.0,1279.97,1290.0,1297.59,1269.35,498630.0,30.81,31.937,31.954,30.49,3060000.0,0.4861,0.4937,0.5023,0.4792,639110000.0,271.31,271.51,273.8,267.89,236030.0
2022-10-12,19154.8,19058.5,19212.6,19010.6,242180.0,1294.57,1279.97,1304.45,1275.77,418570.0,31.156,30.806,31.514,30.683,1630000.0,0.4882,0.4861,0.4958,0.4822,368610000.0,270.81,271.31,272.8,269.4,178000.0
2022-10-13,19379.8,19154.6,19494.4,18207.9,455130.0,1287.34,1294.56,1299.74,1196.63,1090000.0,30.507,31.156,31.2,27.983,6670000.0,0.4791,0.4882,0.4894,0.4421,874790000.0,271.7,270.81,273.69,257.05,574010.0
2022-10-14,19181.8,19379.8,19933.9,19098.6,400450.0,1296.74,1287.33,1342.01,1284.08,734030.0,30.004,30.507,31.967,29.643,3670000.0,0.4885,0.4791,0.5118,0.4784,644510000.0,269.5,271.7,276.69,268.11,312390.0
2022-10-15,19068.7,19181.7,19218.7,19000.8,123660.0,1274.57,1296.74,1301.48,1264.86,321110.0,29.588,30.0,30.197,29.454,1640000.0,0.4818,0.4885,0.4899,0.4787,234480000.0,268.2,269.5,271.3,267.6,152000.0
2022-10-16,19261.9,19068.8,19411.9,19066.0,140950.0,1305.95,1274.93,1314.52,1274.66,333150.0,30.167,29.594,30.506,29.576,1330000.0,0.4766,0.4818,0.4873,0.471,311820000.0,272.5,268.2,273.8,268.0,194740.0
2022-10-17,19548.2,19262.2,19663.5,19163.6,248400.0,1331.12,1305.95,1338.39,1296.45,498150.0,31.213,30.167,31.283,29.837,2480000.0,0.4798,0.4766,0.4825,0.4629,396300000.0,275.7,272.5,275.9,270.0,197490.0
2022-10-18,19328.2,19548.4,19692.9,19102.8,290070.0,1310.81,1331.4,1341.21,1287.58,625850.0,30.14,31.213,31.47,29.803,3030000.0,0.4658,0.4804,0.4841,0.4576,439640000.0,273.19,275.7,276.0,270.21,206230.0
2022-10-19,19123.9,19328.2,19358.6,19101.2,209280.0,1285.32,1310.81,1313.46,1282.44,406740.0,28.857,30.14,30.24,28.766,2590000.0,0.4506,0.4658,0.4666,0.4485,470770000.0,272.1,273.19,273.79,270.4,161820.0
2022-10-20,19042.9,19125.1,19334.5,18935.6,253200.0,1282.87,1285.33,1310.47,1272.79,483190.0,28.037,28.857,29.463,27.997,3590000.0,0.4466,0.4506,0.4644,0.4296,573030000.0,269.0,272.09,273.3,267.69,176430.0
2022-10-21,19162.6,19042.9,19245.5,18703.3,294660.0,1299.76,1282.87,1306.27,1257.83,525540.0,28.103,28.031,28.283,26.864,4550000.0,0.4612,0.4465,0.4614,0.436,535220000.0,270.0,269.0,271.0,263.9,208640.0
2022-10-22,19204.8,19162.6,19249.9,19116.1,118240.0,1313.64,1299.76,1318.84,1294.61,244200.0,28.008,28.103,28.173,27.5,1810000.0,0.4654,0.4612,0.4704,0.4563,259589999.99999997,270.49,270.0,271.1,268.4,89930.0
2022-10-23,19571.2,19204.8,19680.9,19092.5,180630.0,1363.92,1313.64,1370.91,1301.8,473610.0,29.293,28.005,29.405,27.843,2880000.0,0.4688,0.4653,0.4721,0.4522,298410000.0,275.99,270.49,276.69,268.89,144260.0
2022-10-24,19331.5,19571.2,19588.6,19177.2,286940.0,1343.88,1364.19,1369.35,1324.25,665580.0,28.3,29.295,29.472,28.178,3350000.0,0.4532,0.4688,0.4723,0.4483,391990000.0,274.1,275.99,277.2,271.7,162330.0
2022-10-25,20082.7,19331.8,20406.9,19249.0,371540.0,1459.6,1343.88,1522.06,1335.38,1280000.0,30.887,28.302,32.28,28.053,6620000.0,0.4606,0.4531,0.4725,0.4437,511210000.0,284.1,274.1,289.7,272.1,407250.0
2022-10-26,20769.5,20086.8,20981.5,20062.9,427990.0,1566.16,1459.6,1590.23,1458.61,1430000.0,31.294,30.883,32.064,30.684,5510000.0,0.469,0.4605,0.4709,0.4569,463930000.0,290.3,284.1,291.99,284.1,331710.0
2022-10-27,20292.9,20769.5,20867.9,20231.6,365490.0,1514.19,1566.18,1575.9,1508.24,1020000.0,30.596,31.303,32.243,30.486,5300000.0,0.4616,0.469,0.4818,0.4587,568850000.0,286.8,290.3,293.29,284.9,331550.0
2022-10-28,20594.4,20293.0,20744.0,20058.2,318900.0,1554.47,1514.14,1572.66,1489.99,966350.0,32.053,30.59,32.524,30.13,4470000.0,0.4745,0.4615,0.4753,0.4566,372220000.0,297.81,286.7,300.81,285.82,436300.0
2022-10-29,20809.8,20594.2,21038.1,20561.9,276540.0,1619.69,1554.47,1660.13,1548.83,1050000.0,32.873,32.056,33.83,31.856,4910000.0,0.4701,0.4744,0.4836,0.4666,447660000.0,304.4,297.81,308.2,295.7,581020.0
2022-10-30,20626.3,20809.4,20922.3,20522.5,207630.0,1590.47,1619.67,1638.6,1577.35,542490.0,32.933,32.873,33.533,31.994,2940000.0,0.458,0.4702,0.4731,0.4543,279440000.0,313.5,304.4,318.6,302.4,570880.0
2022-10-31,20496.3,20626.0,20822.4,20260.0,327470.0,1572.89,1590.47,1634.17,1550.72,938650.0,32.571,32.94,34.363,32.223,4820000.0,0.4643,0.4581,0.467,0.4485,449100000.0,325.79,313.5,337.1,306.92,1100000.0
2022-11-01,20483.5,20496.1,20676.6,20348.1,302720.0,1579.64,1572.89,1609.1,1564.69,593310.0,32.203,32.564,33.386,32.16,3010000.0,0.4636,0.4643,0.467,0.4545,382580000.0,323.9,325.6,334.49,317.6,575820.0
2022-11-02,20154.4,20482.9,20778.3,20065.8,420230.0,1519.04,1579.59,1618.82,1503.29,1140000.0,30.813,32.21,32.93,30.24,5040000.0,0.4499,0.4636,0.4658,0.4454,431740000.0,320.2,323.9,329.31,315.71,590360.0
2022-11-03,20206.4,20154.0,20384.5,20066.6,347230.0,1531.08,1518.99,1558.75,1515.75,631900.0,30.86,30.81,32.223,30.624,3300000.0,0.4549,0.4499,0.4598,0.4489,321040000.0,329.61,320.2,338.21,318.11,652490.0
2022-11-04,21145.9,20206.4,21281.9,20184.6,499500.0,1645.01,1531.06,1666.17,1528.6,1070000.0,33.737,30.86,34.183,30.667,6110000.0,0.506,0.4549,0.5075,0.4534,771350000.0,354.5,329.61,358.59,328.31,790510.0
2022-11-05,21301.6,21145.7,21464.7,21084.1,261230.00000000003,1627.07,1645.03,1664.42,1623.48,404020.0,36.874,33.74,38.729,33.683,10200000.0,0.493,0.5061,0.5096,0.4901,279440000.0,349.4,354.5,360.72,346.36,432340.0
2022-11-06,20916.3,21298.7,21360.4,20901.0,242260.0,1570.86,1626.86,1637.44,1565.79,464260.0,32.627,36.893,37.035,32.408,6470000.0,0.471,0.493,0.4944,0.4689,224890000.0,338.28,349.11,355.32,338.28,411730.0
2022-11-07,20589.0,20916.3,21055.4,20410.5,414240.0,1567.57,1570.71,1608.06,1547.29,719300.0,29.599,32.627,33.105,28.445,13550000.0,0.465,0.471,0.4798,0.4593,444100000.0,336.9,338.28,344.19,326.74,773890.0
2022-11-08,18527.4,20589.0,20667.5,17260.0,865100.0,1335.25,1567.54,1576.1,1241.18,2870000.0,24.314,29.616,31.512,21.003,40350000.0,0.406,0.465,0.4668,0.3402,1330000000.0,327.5,336.9,393.42,300.16,3270000.0
2022-11-09,15886.9,18538.9,18583.8,15603.3,869570.0,1100.84,1335.26,1337.19,1076.29,2920000.0,14.016,24.335,24.344,12.445,50780000.0,0.3321,0.406,0.4108,0.3203,1240000000.0,266.91,326.84,332.6,260.52,1990000.0
2022-11-10,17589.1,15887.0,18138.2,15799.3,720740.0,1299.15,1100.86,1346.92,1089.01,2190000.0,17.638,14.016,18.805,13.193,41670000.0,0.3947,0.3321,0.4026,0.3307,1070000000.0000001,304.01,266.91,312.0,263.9,1450000.0
2022-11-11,17049.9,17589.1,17679.4,16435.5,466350.0,1288.63,1299.21,1307.16,1203.04,1450000.0,16.451,17.645,18.265,15.189,22280000.0,0.3843,0.3946,0.3989,0.3664,626430000.0,290.2,304.01,305.79,279.75,715640.0
2022-11-12,16795.2,17049.9,17100.8,16633.9,192910.0,1256.29,1288.71,1291.39,1239.34,602580.0,14.544,16.451,16.451,14.474,9720000.0,0.3634,0.3843,0.3843,0.3597,342070000.0,282.69,290.2,291.83,271.9,563530.0
2022-11-13,16324.5,16803.9,16946.5,16274.9,210800.0,1221.47,1256.29,1274.24,1205.61,597250.0,13.157,14.544,14.702,13.043,10920000.0,0.3408,0.3634,0.3692,0.3329,443130000.0,276.7,282.69,286.39,273.69,467740.0
2022-11-14,16613.7,16325.0,17158.4,15834.0,442460.0,1242.64,1221.47,1289.01,1175.42,1010000.0,13.989,13.157,14.953,12.163,16920000.0,0.3768,0.3408,0.3791,0.3219,909990000.0,279.0,276.7,291.79,268.02,852650.0
2022-11-15,16895.1,16615.0,17112.0,16543.9,337150.0,1253.45,1242.64,1289.21,1235.39,686180.0,14.315,13.989,15.05,13.832,10940000.0,0.3891,0.3768,0.3966,0.367,720640000.0,277.0,279.0,282.09,273.7,464580.0
2022-11-16,16540.5,16895.4,16993.4,16408.2,295730.0,1206.16,1253.45,1267.62,1188.76,705310.0,14.173,14.311,14.601,13.653,6170000.0,0.3736,0.389,0.391,0.3623,471290000.0,270.2,277.0,280.09,269.03,408650.0
2022-11-17,16691.2,16540.5,16739.7,16425.8,257000.0,1205.17,1206.16,1227.73,1185.58,567610.0,13.73,14.173,14.477,12.973,10010000.0,0.3824,0.3739,0.3862,0.3694,545280000.0,268.5,270.2,273.3,263.61,390450.0
2022-11-18,16638.3,16715.4,16846.3,16553.0,241960.0,1207.31,1206.99,1225.39,1201.47,388690.0,13.186,13.723,13.723,12.996,4880000.0,0.3817,0.3838,0.3849,0.3752,380620000.0,273.0,268.51,274.79,268.51,288040.0
2022-11-19,16699.2,16652.2,16814.9,16608.9,114890.0,1217.65,1208.92,1231.15,1207.34,225460.0,12.83,12.677,12.964,12.643,4320000.0,0.384,0.3804,0.3882,0.3799,199130000.0,272.61,271.21,273.99,270.6,202450.0
2022-11-20,16286.7,16699.3,16749.3,16209.2,172830.0,1142.88,1217.65,1226.14,1135.57,564890.0,12.274,12.834,13.463,12.135,6630000.0,0.3613,0.384,0.396,0.3599,396500000.0,264.39,272.61,273.79,262.02,319520.0
2022-11-21,15776.2,16278.6,16287.9,15504.2,372150.0,1107.46,1142.88,1143.96,1081.96,981810.0,11.836,12.274,12.277,11.296,8000000.0,0.3645,0.3612,0.3683,0.3467,758310000.0,254.1,264.21,264.99,250.6,603900.0
2022-11-22,16212.9,15776.6,16274.6,15620.4,287210.0,1139.74,1107.46,1141.58,1077.85,815180.0,12.422,11.836,12.494,10.96,8810000.0,0.3758,0.3646,0.3781,0.3514,600910000.0,266.68,254.1,267.77,252.31,371960.0
2022-11-23,16623.9,16216.9,16677.6,16162.3,305080.0,1185.79,1139.74,1189.17,1128.53,688960.0,14.362,12.429,14.438,12.403,12710000.0,0.3818,0.3758,0.3823,0.3682,457820000.0,298.69,266.68,301.29,265.0,1260000.0
2022-11-24,16601.2,16604.9,16785.6,16472.0,229590.0,1203.77,1185.7,1217.38,1180.91,544830.0,14.586,14.362,14.904,13.848,7880000.0,0.402,0.3818,0.4045,0.3744,582060000.0,300.11,298.9,303.68,294.31,571610.0
2022-11-25,16512.3,16600.6,16611.8,16360.9,204070.0,1198.12,1203.77,1204.75,1172.63,426960.0,14.01,14.586,14.59,13.912,4790000.0,0.4077,0.402,0.4188,0.3894,554660000.0,300.41,300.11,305.16,294.41,481050.0
2022-11-26,16456.5,16512.3,16686.3,16387.9,194940.0,1205.15,1198.12,1229.2,1196.93,413090.0,14.166,14.014,14.92,13.976,4680000.0,0.3961,0.4078,0.4144,0.3935,242810000.0,311.2,300.69,317.59,300.11,589310.0
2022-11-27,16425.6,16456.4,16595.4,16414.6,173250.0,1193.38,1205.17,1222.83,1191.09,306640.0,14.111,14.17,14.44,14.056,3610000.0,0.3961,0.3962,0.409,0.3948,262329999.99999997,307.6,311.2,316.59,306.91,322340.0
2022-11-28,16211.7,16426.1,16481.4,16013.5,284840.0,1167.73,1193.38,1199.06,1151.98,518169.99999999994,13.324,14.107,14.166,12.786,8100000.0,0.3893,0.3961,0.399,0.3741,570560000.0,293.4,307.6,309.49,287.67,630460.0
2022-11-29,16440.4,16211.9,16531.4,16100.1,271580.0,1216.55,1167.73,1226.35,1159.72,549930.0,13.346,13.324,13.93,13.156,4340000.0,0.398,0.3887,0.4033,0.3833,464520000.0,295.39,293.5,305.18,289.22,438790.0
2022-11-30,17163.9,16440.8,17215.5,16433.2,348220.0,1294.41,1216.54,1304.97,1213.44,858510.0,14.157,13.35,14.285,13.273,6170000.0,0.4078,0.398,0.4112,0.3935,429200000.0,300.4,295.4,305.1,293.42,486750.0
2022-12-01,16972.0,17163.4,17244.7,16868.9,266140.0,1276.05,1294.4,1295.82,1263.58,453590.0,13.504,14.144,14.184,13.406,4019999.9999999995,0.3967,0.4078,0.4092,0.3945,332050000.0,292.1,300.4,301.8,290.21,817470.0
2022-12-02,17093.6,16972.2,17096.2,16799.9,227010.0,1295.69,1276.05,1295.8,1266.16,393370.0,13.713,13.51,13.783,13.337,4040000.0,0.3963,0.3967,0.3974,0.3839,339930000.0,293.5,292.1,293.8,285.7,375980.0
2022-12-03,16884.5,17093.4,17132.6,16862.1,169290.0,1240.46,1295.69,1302.61,1237.81,373790.0,13.293,13.713,13.753,13.235,2630000.0,0.3871,0.3963,0.3964,0.3855,203820000.0,290.4,293.5,294.29,290.0,242270.0
2022-12-04,17112.6,16884.8,17198.1,16881.6,197120.0,1279.74,1240.46,1284.24,1240.14,344960.0,13.71,13.293,13.75,13.272,2440000.0,0.3897,0.3873,0.393,0.3864,178560000.0,292.19,290.4,292.58,288.3,250920.0
2022-12-05,16966.5,17106.9,17395.2,16886.9,268720.0,1259.56,1279.21,1303.92,1248.69,430540.0,13.823,13.707,14.165,13.6,5420000.0,0.3894,0.3897,0.395,0.3814,438020000.0,288.41,291.8,297.09,286.21,310020.0
2022-12-06,17089.3,16966.3,17101.1,16914.9,246190.0,1271.26,1259.56,1273.92,1243.66,342160.0,14.3,13.825,14.351,13.81,4870000.0,0.3915,0.3894,0.3924,0.3809,401290000.0,290.2,288.41,290.69,286.82,259550.0
2022-12-07,16835.2,17089.4,17126.7,16715.3,244360.0,1231.04,1271.24,1275.3,1221.1,422120.0,13.493,14.3,14.324,13.47,4030000.0000000005,0.3833,0.3915,0.3925,0.3752,399320000.0,284.1,290.2,290.69,281.6,376670.0
2022-12-08,17225.7,16835.2,17294.2,16765.8,261640.0,1280.29,1231.04,1289.87,1223.27,447070.0,13.69,13.493,13.763,13.28,3130000.0,0.3943,0.3833,0.3958,0.3832,368140000.0,290.5,284.1,291.68,282.4,294820.0
2022-12-09,17125.7,17225.6,17288.6,17082.1,260839.99999999997,1262.86,1280.29,1291.11,1257.0,437550.0,13.58,13.69,14.007,13.51,3640000.0,0.3888,0.3943,0.395,0.3856,342350000.0,286.0,290.5,291.7,285.01,311720.0
2022-12-10,17127.2,17125.7,17220.5,17105.7,148810.0,1266.62,1262.88,1281.24,1260.05,193320.0,13.577,13.58,13.7,13.543,1380000.0,0.3866,0.3889,0.3892,0.3856,132180000.0,288.1,286.1,289.8,285.8,149780.0
2022-12-11,17093.3,17127.0,17262.9,17080.6,167200.0,1263.42,1266.36,1282.86,1258.53,192460.0,13.423,13.577,13.79,13.397,1830000.0,0.381,0.3866,0.3885,0.3788,133070000.0,284.5,288.2,291.19,283.5,209480.0
2022-12-12,17210.4,17093.2,17232.5,16878.5,249390.0,1275.02,1263.42,1278.37,1241.45,395620.0,13.314,13.42,13.48,12.831,4320000.0,0.3872,0.3809,0.3895,0.3715,449000000.0,276.1,284.5,285.7,272.71,511260.0
2022-12-13,17778.6,17210.9,17951.6,17094.5,328710.0,1320.76,1275.49,1345.07,1255.82,717710.0,13.883,13.314,14.106,12.78,6000000.0,0.3953,0.3872,0.3967,0.3786,571040000.0,272.2,276.1,281.2,256.2,1320000.0
2022-12-14,17796.4,17778.6,18351.8,17682.1,318980.0,1307.3,1320.76,1348.43,1302.76,614310.0,14.124,13.877,14.936,13.807,8270000.0,0.3852,0.3953,0.3953,0.3779,443890000.0,267.7,272.2,278.3,265.8,586480.0
2022-12-15,17356.1,17796.4,17846.1,17298.2,263440.0,1266.32,1307.29,1311.07,1260.89,446340.0,14.046,14.124,14.5,13.88,4650000.0,0.3779,0.3852,0.3866,0.3744,325000000.0,258.6,267.7,268.0,256.6,354610.0
2022-12-16,16629.6,17356.7,17518.5,16542.4,303560.0,1166.7,1266.32,1279.27,1156.91,829230.0,12.276,14.04,14.164,12.021,8150000.0,0.3512,0.3779,0.3797,0.3462,512669999.99999994,231.1,258.6,264.4,226.09,886190.0
2022-12-17,16777.1,16629.0,16794.4,16587.0,164490.0,1187.18,1166.7,1189.21,1162.76,363230.0,12.505,12.281,12.535,11.94,4940000.0,0.3546,0.3512,0.3569,0.3473,280230000.0,242.0,231.1,244.0,220.5,794640.0
2022-12-18,16741.1,16777.0,16825.7,16666.5,124290.0,1182.7,1187.19,1196.55,1172.82,272630.0,12.37,12.51,12.599,12.275,2570000.0,0.3498,0.3546,0.3552,0.3477,144560000.0,251.0,242.0,253.5,239.7,530960.0
2022-12-19,16441.3,16741.1,16809.5,16331.2,207930.0,1167.8,1182.7,1194.47,1152.54,337020.0,11.94,12.38,12.58,11.69,4970000.0,0.3389,0.3498,0.3529,0.3329,507180000.0,240.5,251.0,253.2,237.69,413640.0
2022-12-20,16902.8,16441.3,17031.3,16400.7,284570.0,1217.2,1167.8,1228.97,1163.57,497610.0,12.27,11.94,12.475,11.845,3770000.0,0.3486,0.339,0.3529,0.336,476390000.0,251.4,240.5,253.0,239.4,323250.0
2022-12-21,16831.8,16902.7,16919.4,16735.0,174340.0,1213.85,1217.19,1218.69,1205.48,269180.0,12.14,12.265,12.28,11.905,3190000.0,0.3455,0.3485,0.3504,0.3384,402450000.0,246.2,251.4,251.4,245.4,196330.0
2022-12-22,16820.6,16831.8,16862.2,16566.1,198280.0,1217.57,1213.99,1229.47,1185.27,383630.0,11.81,12.14,12.185,11.684,3750000.0,0.3494,0.3449,0.3501,0.3416,354210000.0,245.9,246.2,248.2,240.4,250570.0
2022-12-23,16779.1,16820.5,16910.7,16768.0,184120.0,1220.03,1217.59,1228.46,1212.97,301170.0,11.785,11.81,12.105,11.725,3120000.0,0.3543,0.3494,0.3547,0.3469,302950000.0,246.2,245.9,248.4,244.0,179050.0
2022-12-24,16837.2,16778.6,16855.8,16777.8,110120.0,1220.46,1220.03,1226.2,1214.76,131510.0,11.45,11.781,11.79,11.205,4620000.0,0.352,0.3543,0.3543,0.3504,90120000.0,244.5,246.2,246.2,243.8,99070.0
2022-12-25,16831.8,16835.7,16852.9,16733.0,132890.0,1218.69,1220.46,1223.82,1201.2,256519.99999999997,11.385,11.45,11.55,11.25,1730000.0,0.3458,0.352,0.352,0.3442,149480000.0,243.2,244.5,245.8,241.5,126340.0
2022-12-26,16918.1,16831.8,16936.1,16799.4,133360.0,1227.65,1218.69,1230.37,1213.08,177660.0,11.339,11.39,11.485,11.102,2910000.0,0.3659,0.3458,0.3697,0.3456,460670000.0,244.3,243.2,244.8,242.0,117700.0
2022-12-27,16706.1,16918.2,16964.0,16610.1,192180.0,1211.6,1228.22,1233.15,1202.02,290020.0,11.09,11.339,11.43,10.732,5100000.0,0.3675,0.3659,0.3726,0.3588,521309999.99999994,246.6,244.3,248.1,242.3,198690.0
2022-12-28,16546.2,16705.9,16781.1,16474.2,217960.0,1189.98,1211.6,1214.32,1184.22,407450.0,9.76,11.09,11.11,9.48,13990000.0,0.356,0.3675,0.3686,0.355,481850000.0,244.4,246.6,247.1,241.9,212710.0
2022-12-29,16636.4,16546.2,16659.1,16496.6,181470.0,1200.84,1189.99,1205.34,1187.19,272590.0,9.658,9.76,9.928,8.085,20960000.0,0.3421,0.3559,0.3577,0.3375,504020000.0,246.3,244.4,246.7,243.4,164860.0
2022-12-30,16607.2,16636.4,16644.4,16360.0,192760.0,1199.8,1200.84,1202.13,1186.1,285770.0,9.895,9.647,10.121,9.029,23460000.0,0.3452,0.3421,0.3456,0.3338,371000000.0,245.8,246.3,246.6,242.8,129090.0
2022-12-31,16537.4,16607.2,16635.9,16487.3,130440.0,1195.67,1200.0,1207.71,1193.16,150200.0,9.955,9.903,10.17,9.67,6790000.0,0.3387,0.3452,0.3452,0.3387,186730000.0,246.1,245.8,247.9,244.9,135160.0
2023-01-01,16618.4,16537.5,16621.9,16499.7,107840.0,1200.52,1195.69,1204.12,1191.67,126620.0,10.0,9.955,10.08,9.705,4580000.0,0.3387,0.3388,0.3399,0.3355,144210000.0,244.4,246.1,246.7,243.5,110050.0
2023-01-02,16674.3,16618.4,16766.9,16551.0,136030.0,1213.93,1200.52,1220.76,1193.77,270720.0,11.274,10.0,11.637,9.815,13250000.0,0.3482,0.3387,0.3545,0.3152,913670000.0,245.2,244.4,247.9,241.2,174360.0
2023-01-03,16674.2,16673.1,16773.2,16607.2,178730.0,1214.57,1213.93,1219.75,1206.83,219980.0,13.37,11.274,13.646,11.018,22970000.0,0.3437,0.3482,0.3519,0.3414,472170000.0,246.2,245.3,246.9,244.6,115830.0
2023-01-04,16852.1,16674.2,16976.5,16656.5,247390.0,1256.92,1214.57,1266.97,1212.91,504280.0,13.438,13.377,14.166,12.861,20700000.0,0.3478,0.3437,0.3515,0.3422,520590000.00000006,259.0,246.2,260.8,245.7,372960.0
2023-01-05,16829.8,16852.2,16877.9,16772.3,178960.0,1250.95,1256.92,1259.08,1242.93,289490.0,13.42,13.442,13.85,12.954,9580000.0,0.3379,0.3476,0.3487,0.3364,374320000.0,256.6,258.9,259.1,255.3,148870.0
2023-01-06,16950.9,16829.8,17012.3,16707.6,233470.0,1269.14,1250.95,1274.85,1240.38,369540.0,13.52,13.42,13.576,12.74,9150000.0,0.3444,0.338,0.346,0.3314,409470000.0,259.9,256.6,260.69,254.9,204290.0
2023-01-07,16943.6,16950.9,16979.6,16909.7,110480.0,1263.9,1269.14,1270.95,1261.46,141940.0,13.094,13.5,13.508,13.026,3280000.0,0.3441,0.3444,0.3456,0.3415,145190000.0,261.3,259.9,263.59,259.4,118170.0
2023-01-08,17119.0,16943.6,17119.0,16913.8,144840.0,1288.38,1263.91,1289.13,1259.15,231750.0,14.482,13.094,14.599,12.86,9870000.0,0.3448,0.3441,0.3461,0.3381,269190000.0,274.61,261.3,274.92,260.3,241530.0
2023-01-09,17180.1,17119.0,17390.8,17107.1,301240.0,1320.51,1288.39,1344.39,1285.97,629220.0,16.266,14.446,17.453,14.304,31730000.0,0.349,0.3448,0.3572,0.3438,754290000.0,272.61,274.61,283.4,271.4,448390.0
2023-01-10,17439.1,17180.1,17491.0,17151.7,247140.0,1335.13,1320.51,1344.42,1316.95,487240.0,16.194,16.258,16.69,15.604,13990000.0,0.3508,0.349,0.354,0.3434,474090000.0,277.1,272.61,278.69,270.71,266170.0
2023-01-11,17942.3,17440.5,17989.8,17323.9,291530.0,1389.84,1335.14,1392.4,1322.1,509990.0,16.357,16.194,16.572,15.334,10450000.0,0.3729,0.3508,0.377,0.3477,858010000.0,284.6,277.2,286.79,274.3,269530.0
2023-01-12,18851.3,17941.0,19055.3,17915.5,522010.0,1416.08,1389.84,1435.95,1365.78,960620.0,16.6,16.365,16.93,15.714,14510000.0,0.3748,0.3729,0.3794,0.3634,690960000.0,287.7,284.6,288.2,279.3,396310.0
2023-01-13,19927.0,18850.8,19981.6,18723.8,426670.0,1450.86,1416.08,1463.53,1401.98,552050.0,18.287,16.6,18.577,16.33,16309999.999999998,0.386,0.3748,0.3867,0.3692,541810000.0,293.7,287.7,295.5,285.0,320900.0
2023-01-14,20958.2,19926.9,21185.6,19898.6,458210.0,1550.02,1450.86,1576.83,1449.47,1030000.0,24.247,18.287,24.641,18.206,39690000.0,0.3953,0.386,0.4086,0.3817,786840000.0,305.2,293.7,314.3,293.5,726730.0
2023-01-15,20879.8,20956.0,21032.2,20585.7,205800.0,1552.69,1550.05,1564.34,1517.4,411430.0,22.897,24.233,24.813,22.056,17060000.0,0.3847,0.3953,0.3968,0.38,402040000.0,302.1,305.2,306.1,292.1,297810.0
2023-01-16,21184.2,20880.1,21416.8,20698.9,337460.0,1576.94,1552.69,1598.18,1526.4,617000.0,23.578,22.89,24.859,22.37,16390000.0,0.3862,0.3847,0.4063,0.3792,730000000.0,299.1,302.1,308.0,293.69,361210.0
2023-01-17,21137.1,21184.4,21506.4,20926.2,310040.0,1564.67,1576.94,1603.32,1544.45,536730.0,22.87,23.578,23.936,22.779,9210000.0,0.3869,0.386,0.3981,0.3795,514110000.0,299.3,299.1,305.4,296.25,287830.0
2023-01-18,20670.6,21137.1,21584.1,20448.3,388670.0,1511.31,1564.66,1604.74,1505.37,801710.0,20.849,22.87,23.577,20.534,16640000.0,0.3787,0.3869,0.3955,0.3694,830010000.0,286.9,299.3,305.0,281.72,639910.0
2023-01-19,21081.2,20670.6,21169.4,20669.7,275760.0,1551.62,1511.35,1560.7,1510.65,329040.0,21.42,20.849,21.836,20.44,9270000.0,0.3929,0.3786,0.3956,0.3767,555140000.0,294.6,286.9,295.3,286.32,222450.0
2023-01-20,22677.2,21074.9,22718.5,20879.3,373740.0,1659.98,1551.12,1662.26,1543.21,472150.0,25.55,21.42,25.703,20.951,14860000.0,0.4131,0.3928,0.4137,0.3861,487220000.0,305.1,294.6,305.3,286.81,430190.0
2023-01-21,22775.7,22677.5,23304.5,22461.1,382690.0,1625.53,1659.96,1678.27,1622.89,523340.00000000006,24.547,25.55,26.424,24.547,19010000.0,0.4032,0.4128,0.4161,0.4007,467160000.0,299.0,305.1,309.8,298.7,513429.99999999994
2023-01-22,22707.8,22775.7,23068.7,22323.0,280640.0,1627.03,1626.66,1662.13,1609.32,456360.0,24.222,24.55,25.413,23.666,10590000.0,0.4004,0.4034,0.4116,0.3967,339500000.0,303.1,299.1,311.3,298.7,392140.0
2023-01-23,22915.5,22709.0,23161.8,22527.9,327850.0,1626.53,1627.04,1643.82,1591.9,436570.0,24.316,24.222,24.884,23.901,9470000.0,0.424,0.4004,0.4321,0.3998,935740000.0,305.2,303.1,307.7,301.21,305820.0
2023-01-24,22632.5,22916.3,23156.1,22517.1,334170.0,1556.15,1626.52,1641.17,1539.51,493470.0,22.767,24.316,25.17,22.452,8780000.0,0.4079,0.4239,0.431,0.404,549090000.0,300.3,305.2,323.0,299.71,647050.0
2023-01-25,23055.1,22632.5,23779.0,22366.3,388180.0,1611.2,1555.97,1638.97,1523.71,681590.0,24.51,22.767,25.368,22.32,12130000.0,0.417,0.4078,0.4244,0.3978,489940000.0,306.71,300.3,313.7,293.81,460480.0
2023-01-26,23016.0,23055.2,23259.5,22869.0,320970.0,1602.55,1611.2,1629.89,1581.76,552260.0,24.349,24.51,25.197,23.897,7660000.0,0.4094,0.4167,0.4178,0.4063,384610000.0,304.9,306.71,309.5,302.0,350510.0
2023-01-27,23074.6,23016.0,23480.3,22602.9,310360.0,1597.6,1602.54,1620.15,1560.21,533750.0,24.42,24.349,24.917,23.441,7300000.0,0.4128,0.4094,0.4134,0.3992,359880000.0,307.99,304.9,310.4,299.41,279350.0
2023-01-28,23027.9,23074.6,23182.3,22889.8,156960.0,1573.07,1597.61,1605.96,1561.24,332620.0,24.016,24.424,25.117,23.783,4720000.0,0.4079,0.4128,0.416,0.4059,199750000.0,306.3,307.99,313.39,303.81,237850.0
2023-01-29,23753.1,23023.5,23952.9,22973.3,320860.0,1645.97,1572.13,1657.19,1566.9,595670.0,26.097,24.01,26.748,23.757,10700000.0,0.4133,0.4079,0.4172,0.4066,223150000.0,317.29,306.1,320.4,304.9,442710.0
2023-01-30,22832.2,23746.0,23794.0,22560.0,339620.0,1566.5,1645.97,1647.25,1540.25,630550.0,23.966,26.103,26.305,23.395,10790000.0,0.3936,0.4133,0.4215,0.3894,575470000.0,307.1,317.19,320.7,302.71,417430.0
2023-01-31,23125.1,22832.2,23262.9,22724.9,289380.0,1585.27,1566.5,1602.03,1562.04,368940.0,23.923,23.966,24.4,23.507,5770000.0,0.4057,0.3935,0.4112,0.3884,466630000.0,312.11,307.1,314.0,305.4,286170.0
2023-02-01,23725.6,23124.7,23784.5,22809.6,333180.0,1642.1,1585.27,1647.27,1560.18,505440.0,24.986,23.923,25.19,22.54,10570000.0,0.4133,0.4057,0.4157,0.397,506190000.0,316.9,312.11,319.3,305.82,401160.0
2023-02-02,23427.6,23726.2,24207.2,23398.1,382860.0,1641.71,1642.1,1710.27,1632.39,685270.0,24.254,25.007,26.13,24.157,10400000.0,0.4096,0.4133,0.4187,0.4085,436840000.0,322.7,316.9,334.1,316.4,594260.0
2023-02-03,23431.2,23429.1,23694.1,23233.8,349360.0,1663.79,1641.7,1673.59,1628.73,489790.0,24.67,24.254,25.069,24.057,6790000.0,0.4115,0.4096,0.4137,0.406,369090000.0,332.2,322.7,335.0,318.6,585500.0
2023-02-04,23323.8,23431.2,23571.8,23269.8,170270.0,1666.9,1663.78,1694.58,1646.11,328660.0,24.35,24.67,24.933,24.253,2640000.0,0.4109,0.4115,0.4202,0.4076,243580000.0,330.4,332.2,334.0,327.21,213940.0
2023-02-05,22936.0,23326.9,23423.4,22766.5,217260.0,1629.44,1666.9,1671.88,1612.7,435140.0,23.464,24.35,24.452,23.048,6070000.0,0.3984,0.4109,0.4117,0.3954,327690000.0,327.7,330.4,337.59,324.21,406980.0
2023-02-06,22761.8,22936.0,23130.6,22633.7,278580.0,1613.72,1629.44,1657.75,1606.59,401030.0,22.652,23.464,23.722,22.536,4680000.0,0.3919,0.3984,0.4035,0.391,417170000.0,324.1,327.7,331.19,321.41,299440.0
2023-02-07,23251.7,22761.8,23338.8,22748.2,318980.0,1671.4,1613.72,1676.83,1613.2,481910.0,23.825,22.652,23.937,22.568,6460000.0,0.4036,0.3919,0.4047,0.3903,478440000.0,333.1,324.1,333.6,323.42,276960.0
2023-02-08,22964.6,23251.7,23425.1,22691.7,289120.0,1650.99,1671.39,1694.28,1631.15,447570.0,23.215,23.832,24.18,22.832,5160000.0,0.3976,0.4036,0.4057,0.3937,374800000.0,328.2,333.1,335.67,323.8,295990.0
2023-02-09,21792.5,22964.6,23003.6,21744.6,425440.0,1545.35,1650.97,1655.96,1530.98,702210.0,20.48,23.215,23.342,20.065,8530000.0,0.3817,0.3976,0.408,0.3741,721480000.0,306.19,328.2,329.2,303.27,584310.0
2023-02-10,21635.0,21792.5,21933.6,21491.7,352790.0,1513.82,1545.35,1554.19,1499.49,523330.00000000006,20.122,20.48,21.19,19.699,7250000.0,0.3821,0.3817,0.3877,0.3779,376950000.0,305.89,306.19,309.1,302.8,308560.0
2023-02-11,21859.8,21627.4,21902.9,21605.3,182070.0,1538.34,1513.12,1542.64,1508.07,306240.0,20.813,20.122,20.901,20.102,2610000.0,0.3835,0.382,0.3841,0.3802,166460000.0,310.31,305.8,311.29,305.2,161930.0
2023-02-12,21786.8,21859.9,22080.7,21653.1,211650.0,1515.44,1538.34,1547.3,1495.05,302730.0,21.502,20.813,22.364,20.63,5910000.0,0.3748,0.3835,0.3848,0.3721,191170000.0,312.6,310.5,320.79,306.29,304930.0
2023-02-13,21772.6,21782.7,21887.5,21418.7,312040.0,1505.84,1515.44,1525.56,1464.1,681850.0,20.777,21.5,21.569,19.78,8570000.0,0.3704,0.3748,0.3781,0.3629,538010000.0,294.31,312.6,315.3,283.0,1110000.0
2023-02-14,22198.5,21776.9,22308.6,21556.2,378390.0,1555.46,1505.85,1565.2,1494.3,705280.0,21.842,20.774,22.306,20.684,9760000.0,0.3821,0.3704,0.3838,0.3646,507210000.0,296.2,294.31,301.26,289.9,515799.99999999994
2023-02-15,24327.9,22198.5,24330.9,22050.8,401530.0,1675.43,1555.45,1676.94,1542.8,627070.0,23.88,21.84,23.93,21.462,7470000.0,0.4011,0.3821,0.4022,0.3766,515880000.0,317.5,296.2,317.59,294.11,483430.0
2023-02-16,23539.6,24328.1,25233.8,23525.9,484500.0,1640.66,1675.43,1738.87,1634.97,894270.0,22.293,23.88,24.133,22.227,9340000.0,0.3842,0.4011,0.4044,0.3842,594200000.0,304.41,317.5,327.09,304.11,891630.0
2023-02-17,24573.5,23538.2,24984.7,23373.0,523850.0,1693.96,1640.66,1720.06,1631.92,617210.0,23.148,22.282,23.535,22.077,6070000.0,0.3949,0.3842,0.3999,0.3811,475630000.0,313.1,304.41,317.08,303.19,529230.0
2023-02-18,24631.4,24573.5,24838.9,24457.0,223770.0,1691.62,1693.96,1708.87,1681.17,283510.0,23.453,23.148,23.905,22.932,3530000.0,0.3943,0.395,0.3974,0.3912,196160000.0,316.5,313.1,318.88,313.1,294040.0
2023-02-19,24302.9,24631.3,25175.2,24273.7,312640.0,1681.52,1691.62,1722.28,1670.97,427000.0,24.869,23.453,25.584,23.228,10600000.0,0.3864,0.3943,0.3978,0.3854,328360000.0,312.19,316.5,318.59,311.0,348890.0
2023-02-20,24839.5,24302.8,25085.4,23868.6,363020.0,1703.27,1681.49,1719.1,1651.54,478590.0,26.245,24.86,27.043,24.214,13670000.0,0.3984,0.3864,0.4083,0.378,732420000.0,315.4,311.42,319.6,308.6,531110.0
2023-02-21,24450.7,24839.5,25236.8,24160.8,395970.0,1659.41,1703.29,1716.35,1637.16,554520.0,24.98,26.26,26.598,24.617,8790000.0,0.3919,0.3984,0.4016,0.3875,594300000.0,311.5,315.4,317.19,309.5,400360.0
2023-02-22,24186.6,24450.7,24474.3,23593.4,400240.0,1643.39,1659.41,1666.39,1600.79,560400.0,24.162,24.98,25.21,23.252,9480000.0,0.3951,0.3919,0.3974,0.3832,566950000.0,312.7,311.5,312.8,303.69,383410.0
2023-02-23,23936.3,24186.6,24590.4,23637.9,417460.0,1650.52,1643.39,1678.2,1630.94,529750.0,23.918,24.162,24.68,23.626,5590000.0,0.3883,0.3952,0.3978,0.3857,490030000.0,308.3,312.7,314.99,305.9,313710.0
2023-02-24,23191.5,23936.4,24123.4,22970.3,367990.0,1608.24,1650.52,1663.82,1579.68,548070.0,23.08,23.912,24.118,22.526,6200000.0,0.3784,0.3883,0.3908,0.3725,506550000.0,302.29,308.3,311.9,298.91,342010.0
2023-02-25,23166.1,23191.3,23215.3,22777.4,198350.0,1594.66,1608.24,1608.62,1562.1,309290.0,22.378,23.08,23.31,21.508,5470000.0,0.3779,0.3784,0.3793,0.3709,285250000.0,302.4,302.29,303.0,296.39,187880.0
2023-02-26,23558.7,23166.1,23671.8,23066.0,209120.0,1641.6,1594.66,1648.77,1588.65,326580.0,23.274,22.377,23.514,22.223,3560000.0,0.378,0.3779,0.3806,0.3746,200970000.0,308.7,302.4,309.6,300.71,158940.0
2023-02-27,23494.1,23558.7,23876.2,23166.8,297650.0,1633.66,1641.59,1664.98,1609.82,458530.0,22.677,23.274,23.4,22.337,5080000.0,0.3785,0.378,0.3801,0.3711,602000000.0,304.7,308.69,309.4,300.7,244630.0
2023-02-28,23130.5,23494.0,23595.0,23033.8,275100.0,1604.69,1633.66,1646.33,1598.67,411490.0,21.88,22.677,22.74,21.784,3450000.0,0.3762,0.3785,0.3825,0.3721,575910000.0,301.39,304.7,305.6,300.11,196890.0
2023-03-01,23642.2,23130.6,23914.1,23025.3,328770.0,1666.09,1604.69,1668.55,1595.4,497120.0,22.52,21.88,22.854,21.67,3370000.0,0.3837,0.3762,0.3842,0.3728,454720000.0,302.7,301.4,306.39,300.6,211180.0
2023-03-02,23465.4,23642.2,23780.5,23208.7,249260.0,1647.38,1666.09,1677.45,1620.2,440630.0,21.997,22.52,22.633,21.68,3170000.0,0.3771,0.3837,0.3844,0.3738,440590000.0,299.8,302.7,303.7,295.9,209770.0
2023-03-03,22354.4,23465.6,23473.4,22051.9,344630.0,1568.89,1647.86,1649.19,1547.61,783740.0,21.423,21.997,22.017,20.47,5330000.0,0.3774,0.3772,0.3805,0.3555,695080000.0,290.4,299.8,300.0,287.22,280690.0
2023-03-04,22347.1,22354.7,22403.7,22167.4,123930.0,1566.73,1569.45,1577.02,1550.1,247020.0,20.988,21.423,21.598,20.33,2200000.0,0.3735,0.3774,0.3797,0.3683,259120000.0,289.49,290.4,291.4,286.01,134850.0
2023-03-05,22428.3,22347.1,22636.7,22213.5,160570.0,1564.37,1566.73,1587.95,1556.84,313010.0,20.974,20.988,21.663,20.85,3060000.0,0.3668,0.3735,0.3772,0.3656,250280000.0,288.71,289.49,292.7,287.41,136200.0
2023-03-06,22410.0,22428.2,22595.4,22320.1,215310.0,1565.84,1564.36,1581.13,1555.43,322160.0,20.61,20.97,21.14,20.49,3700000.0,0.3696,0.3668,0.3739,0.3598,624870000.0,287.9,288.8,289.7,283.61,215630.0
2023-03-07,22197.8,22410.1,22535.1,21968.6,304750.0,1561.78,1565.84,1580.95,1536.31,460100.0,20.236,20.61,20.95,19.732,5230000.0,0.3802,0.3695,0.3843,0.367,833560000.0,289.3,287.9,290.4,283.63,213080.0
2023-03-08,21710.8,22197.8,22274.3,21661.3,316510.0,1533.04,1561.79,1569.7,1531.28,478440.0,18.41,20.236,20.38,18.214,9320000.0,0.3887,0.3802,0.4004,0.3725,966400000.0,286.99,289.3,293.89,285.21,273960.0
2023-03-09,20361.8,21710.8,21826.5,20079.6,468760.0,1438.5,1533.04,1545.98,1413.17,764770.0,17.341,18.41,18.745,16.819,12510000.0,0.371,0.3887,0.3974,0.3649,933160000.0,277.49,286.99,291.29,271.44,339220.0
2023-03-10,20156.7,20362.0,20362.6,19591.8,655270.0,1426.75,1437.49,1437.49,1371.47,1010000.0,18.208,17.326,18.352,16.06,15880000.0,0.37,0.3706,0.3749,0.3578,758960000.0,277.48,277.02,278.0,265.31,426680.0
2023-03-11,20467.5,20156.5,20669.5,19796.7,453460.0,1471.15,1426.74,1475.92,1408.58,1430000.0,18.113,18.202,18.896,17.011,9260000.0,0.3638,0.37,0.3737,0.3589,506120000.0,275.9,277.48,281.58,270.6,390550.0
2023-03-12,21994.8,20465.0,22028.6,20294.2,455690.0,1580.24,1472.08,1585.09,1452.33,1060000.0,20.184,18.113,20.452,17.757,9040000.0,0.3713,0.3638,0.3713,0.348,552160000.0,287.99,275.99,288.11,273.41,332200.0
2023-03-13,24114.4,21994.8,24406.2,21859.6,733630.0,1673.93,1580.28,1690.18,1565.83,1300000.0,20.425,20.184,21.367,18.907,16739999.999999998,0.3723,0.3714,0.3797,0.3568,793430000.0,307.8,287.99,312.59,286.3,1040000.0
2023-03-14,24699.7,24121.5,26365.9,23994.6,753060.0,1700.15,1673.83,1776.65,1655.74,1360000.0,20.914,20.428,22.081,19.802,14880000.0,0.3726,0.3723,0.3867,0.3649,741200000.0,308.59,307.89,319.18,302.2,735130.0
2023-03-15,24282.7,24699.6,25108.9,23932.4,614310.0,1649.65,1700.14,1716.56,1614.93,1020000.0,19.261,20.914,21.463,18.773,11640000.0,0.359,0.3726,0.3758,0.3565,546760000.0,306.3,308.59,312.69,300.52,433500.0
2023-03-16,25004.1,24283.2,25139.0,24147.9,462580.0,1673.85,1649.66,1689.09,1634.21,660140.0,19.697,19.261,19.888,18.927,6620000.0,0.3648,0.359,0.3666,0.3566,374920000.0,329.39,306.3,332.4,303.01,1300000.0
2023-03-17,27391.8,25004.4,27742.2,24900.1,674960.0,1789.38,1673.76,1796.74,1663.67,975130.0,21.624,19.697,21.669,19.437,9170000.0,0.3799,0.3648,0.3813,0.3622,579900000.0,338.88,329.39,339.89,326.09,755890.0
2023-03-18,26914.5,27391.9,27659.1,26688.7,392470.0,1758.7,1789.38,1833.82,1751.14,763060.0,21.215,21.628,22.85,21.091,10590000.0,0.374,0.3799,0.3891,0.37,491190000.0,331.01,338.88,345.99,329.14,688760.0
2023-03-19,27958.7,26914.5,28347.3,26844.6,393270.0,1779.47,1758.7,1838.84,1758.66,574730.0,21.855,21.218,22.428,21.214,6100000.0,0.3855,0.374,0.3999,0.3737,652630000.0,336.57,331.01,341.2,330.8,420670.0
2023-03-20,27720.5,27958.9,28457.8,27157.0,503900.0,1732.31,1780.12,1802.76,1723.9,716260.0,22.147,21.855,23.893,21.448,15170000.0,0.3732,0.3857,0.3911,0.3715,623520000.0,332.4,336.57,338.99,331.69,533290.0
2023-03-21,28114.0,27719.8,28437.8,27350.6,438780.0,1803.54,1732.32,1833.12,1719.55,779810.0,22.574,22.15,23.316,21.578,9940000.0,0.4683,0.3732,0.4927,0.373,2180000000.0,334.31,332.4,339.79,327.31,493620.0
2023-03-22,27261.7,28114.2,28760.3,26668.7,262029.99999999997,1734.48,1801.58,1818.47,1711.05,933240.0,21.425,22.574,23.062,21.019,12390000.0,0.4211,0.4693,0.4747,0.4099,1820000000.0,321.2,334.31,339.29,316.51,1320000.0
2023-03-23,28310.7,27262.8,28734.1,27144.6,158460.0,1814.08,1734.32,1852.48,1729.38,767730.0,22.184,21.434,22.741,21.172,7730000.0,0.444,0.4213,0.4543,0.4118,1080000000.0,329.31,321.2,331.8,319.2,402490.0
2023-03-24,27462.2,28306.9,28374.5,27026.5,110360.0,1749.26,1813.62,1818.53,1728.69,602300.0,20.659,22.184,22.27,20.308,8000000.0,0.4256,0.4438,0.4438,0.4156,691450000.0,321.81,329.31,329.99,317.3,328260.0
2023-03-25,27475.6,27462.2,27761.9,27176.7,61360.0,1742.34,1749.28,1761.66,1714.43,368840.0,20.425,20.659,20.969,20.129,3110000.0,0.4432,0.4256,0.4642,0.4226,830880000.0,322.5,321.99,324.8,319.15,331440.0
2023-03-26,27973.5,27474.9,28153.7,27429.1,60640.0,1774.06,1742.32,1796.77,1739.39,371970.0,20.957,20.425,21.117,20.295,2380000.0,0.448,0.4431,0.463,0.4407,483050000.0,328.6,322.5,329.38,321.7,215410.0
2023-03-27,27129.8,27974.8,28023.3,26611.5,107240.0,1714.65,1773.91,1780.06,1691.38,607000.0,19.9,20.954,20.982,19.448,4720000.0,0.4793,0.448,0.4882,0.4426,1280000000.0,310.7,328.5,329.6,306.1,605700.0
2023-03-28,27262.2,27127.8,27465.0,26665.6,94160.0,1772.63,1714.65,1792.38,1702.95,561330.0,20.453,19.9,20.82,19.62,4680000.0,0.5144,0.4792,0.5331,0.4685,1420000000.0,313.3,310.51,315.59,306.9,346990.0
2023-03-29,28350.4,27262.9,28627.4,27249.8,109320.0,1793.27,1772.64,1825.01,1772.64,564930.0,21.11,20.46,21.536,20.43,4440000.0,0.5427,0.5144,0.5821,0.5144,1630000000.0,313.8,313.3,319.69,312.4,346410.0
2023-03-30,28029.5,28350.3,29160.4,27716.7,122510.0,1793.59,1793.16,1828.91,1766.9,607740.0,20.555,21.11,21.648,20.16,5960000.0,0.5322,0.5424,0.5565,0.525,1030000000.0,316.4,313.8,318.55,309.38,516970.0
2023-03-31,28473.7,28029.3,28646.3,27587.5,98440.0,1821.62,1793.59,1845.54,1782.26,579010.0,21.165,20.547,21.462,20.072,4179999.9999999995,0.538,0.5322,0.5482,0.5272,668820000.0,317.1,316.4,319.7,313.61,278300.0
2023-04-01,28456.1,28473.7,28795.1,28285.6,38090.0,1820.78,1821.62,1840.27,1811.67,283390.0,21.072,21.165,21.31,20.796,2240000.0,0.5095,0.5379,0.5379,0.4985,650030000.0,314.9,317.1,318.6,313.2,192470.0
2023-04-02,28198.3,28456.1,28522.8,27871.7,45040.0,1795.01,1820.78,1824.32,1775.81,334840.0,20.524,21.08,21.294,20.25,2280000.0,0.518,0.5095,0.5288,0.5016,503340000.0,313.81,314.9,316.11,311.09,157050.0
2023-04-03,27802.1,28194.7,28458.4,27256.9,98000.0,1810.77,1795.01,1838.71,1764.26,657580.0,20.446,20.52,20.99,19.992,5700000.0,0.4957,0.518,0.5245,0.4838,663370000.0,308.6,313.81,314.1,299.91,474360.0
2023-04-04,28164.4,27802.2,28429.1,27668.9,64060.0,1870.52,1810.77,1887.33,1802.51,658370.0,20.922,20.446,21.238,20.324,3310000.0,0.5027,0.4957,0.5076,0.4874,462510000.0,310.8,308.6,312.48,308.2,320390.0
2023-04-05,28173.5,28164.4,28744.4,27823.5,77320.0,1908.96,1870.52,1936.1,1864.64,583840.0,20.97,20.922,21.333,20.632,3580000.0,0.5056,0.5027,0.5266,0.4987,527179999.99999994,314.0,310.8,316.69,310.3,332010.0
2023-04-06,28036.7,28173.5,28173.5,27734.5,51290.0,1872.35,1908.95,1908.95,1855.89,420800.0,20.62,20.963,20.988,20.466,2330000.0,0.5028,0.5056,0.5097,0.4928,401750000.0,312.19,314.0,314.8,310.7,243250.0
2023-04-07,27910.4,28037.6,28102.5,27779.4,30940.0,1863.46,1872.35,1882.56,1844.43,298770.0,20.446,20.623,20.773,20.253,1760000.0,0.513,0.5028,0.5152,0.498,393280000.0,310.4,312.29,312.7,309.8,187970.0
2023-04-08,27941.2,27910.4,28153.1,27863.8,23730.0,1848.93,1863.45,1879.11,1847.72,207670.0,20.043,20.446,20.726,19.9,2400000.0,0.505,0.5129,0.5129,0.5029,171350000.0,310.5,310.4,312.69,310.2,173420.0
2023-04-09,28326.6,27941.2,28522.7,27809.2,39350.0,1858.9,1848.93,1871.87,1825.6,306400.0,20.285,20.043,20.425,19.9,1370000.0,0.5054,0.505,0.509,0.4992,167090000.0,312.8,310.5,313.5,309.7,170370.0
2023-04-10,29641.0,28326.5,29755.4,28182.9,85730.0,1910.36,1858.9,1916.53,1847.39,457410.0,20.904,20.282,20.95,20.082,2490000.0,0.5177,0.5054,0.5197,0.5002,380210000.0,318.59,312.8,318.59,311.7,280320.0
2023-04-11,30209.6,29641.0,30484.6,29597.8,89380.0,1889.86,1910.35,1935.75,1884.64,428260.0,22.982,20.897,23.675,20.827,11980000.0,0.5169,0.5176,0.527,0.5117,507100000.0,322.21,318.59,333.0,317.8,686320.0
2023-04-12,29886.4,30209.8,30473.0,29679.5,78690.0,1916.58,1889.86,1930.46,1857.35,669430.0,23.788,22.982,24.4,22.336,13850000.0,0.5047,0.5168,0.5178,0.4999,489670000.0,319.8,322.21,323.21,316.81,368200.0
2023-04-13,30387.4,29892.4,30524.1,29864.5,65870.0,2012.11,1916.59,2018.73,1899.96,721560.0,24.437,23.79,25.243,23.655,7930000.0,0.5124,0.5047,0.5148,0.5014,391580000.0,324.6,319.9,324.8,317.81,359080.0
2023-04-14,30472.5,30387.4,30964.9,30026.0,98380.0,2099.98,2012.12,2127.56,2009.53,957030.0,24.723,24.437,25.463,23.765,9000000.0,0.5227,0.5124,0.5453,0.5112,637310000.0,328.8,324.6,335.31,323.41,705880.0
2023-04-15,30299.6,30472.6,30586.5,30208.8,31710.0,2090.59,2099.98,2110.3,2074.33,340600.0,24.047,24.723,24.778,23.825,3800000.0,0.5193,0.5227,0.5261,0.517,219330000.0,333.0,328.81,335.9,327.01,433130.0
2023-04-16,30310.3,30299.2,30545.3,30134.6,34480.0,2119.29,2090.59,2137.56,2073.26,342430.0,25.36,24.05,25.457,23.845,4590000.0,0.5209,0.5193,0.5242,0.5154,221060000.0,347.7,333.0,349.91,330.2,656260.0
2023-04-17,29434.9,30310.8,30312.2,29274.0,71900.0,2074.74,2118.61,2119.18,2062.17,448140.0,24.569,25.365,25.96,24.358,8000000.0,0.5109,0.5209,0.5209,0.5069,431000000.0,340.0,347.7,350.0,337.71,578690.0
2023-04-18,30382.2,29434.1,30470.1,29149.2,76580.0,2103.34,2074.74,2121.27,2056.86,437100.0,24.823,24.572,25.436,24.023,5020000.0,0.5318,0.5109,0.5375,0.5095,503970000.0,343.0,340.0,346.48,337.2,407350.0
2023-04-19,28813.7,30382.2,30408.4,28641.1,111270.0,1935.97,2103.36,2104.31,1925.0,855360.0,22.683,24.823,24.969,22.072,9380000.0,0.4911,0.5324,0.5371,0.4783,889030000.0,322.4,343.0,343.7,320.39,562930.0
2023-04-20,28240.5,28813.7,29082.1,28032.4,95450.0,1942.72,1935.97,1977.95,1917.71,665650.0,22.183,22.683,23.134,21.605,7760000.0,0.4752,0.4911,0.4991,0.4656,634890000.0,318.09,322.4,326.7,315.5,385170.0
2023-04-21,27264.8,28240.5,28353.4,27171.1,98720.0,1849.81,1942.72,1955.35,1831.47,769940.0,21.267,22.197,22.39,21.07,6040000.0,0.4492,0.4752,0.4789,0.4404,607930000.0,321.3,318.09,332.57,315.82,948480.0
2023-04-22,27813.9,27264.8,27872.0,27165.7,44300.0,1873.95,1848.88,1886.22,1845.73,351720.0,21.795,21.267,21.972,21.067,2440000.0,0.4719,0.449,0.4751,0.4457,346080000.0,332.08,321.3,333.09,319.9,396600.0
2023-04-23,27591.4,27813.8,27815.0,27388.5,41770.0,1862.05,1873.96,1881.92,1839.05,368770.0,21.47,21.795,22.237,21.012,3470000.0,0.4648,0.4719,0.4719,0.4538,313910000.0,330.7,332.08,332.39,327.4,397910.0
2023-04-24,27509.3,27591.4,27978.8,27054.3,66740.0,1841.88,1862.04,1889.09,1809.8,480280.0,21.38,21.47,21.982,21.036,3840000.0,0.4607,0.4648,0.4842,0.4485,583540000.0,331.1,330.6,333.7,328.09,457100.0
2023-04-25,28298.8,27510.1,28375.6,27201.1,65310.0,1865.95,1841.88,1877.54,1804.2,491980.0,21.92,21.38,21.962,20.736,4280000.0,0.4697,0.4607,0.4719,0.4508,537490000.0,338.39,331.1,339.8,328.6,452970.0
2023-04-26,28424.6,28298.8,29995.7,27307.8,164310.0,1866.05,1865.95,1963.46,1793.76,958230.0,21.284,21.92,22.937,20.476,8430000.0,0.4618,0.4697,0.483,0.4364,774760000.0,330.5,338.39,344.9,323.86,700740.0
2023-04-27,29475.9,28424.5,29859.8,28392.4,121630.0,1908.81,1866.05,1937.55,1862.37,771480.0,22.332,21.284,22.494,21.18,5970000.0,0.4667,0.4618,0.4696,0.4562,498170000.0,330.7,330.5,336.39,328.71,500350.0
2023-04-28,29321.8,29475.9,29587.2,28927.8,69880.0,1891.14,1908.79,1922.85,1875.03,408450.0,23.348,22.332,23.471,22.184,6060000.0,0.4797,0.4667,0.4823,0.4638,533690000.00000006,324.1,330.7,330.79,319.0,1020000.0
2023-04-29,29234.1,29318.4,29425.5,29058.5,25720.0,1907.8,1890.93,1915.9,1886.27,193470.0,23.186,23.348,23.778,22.934,4040000.0,0.478,0.4796,0.4859,0.4727,238180000.0,321.9,324.0,324.7,321.3,236600.0
2023-04-30,29252.1,29235.1,29941.3,29095.0,47620.0,1868.88,1907.8,1937.86,1868.88,377710.0,22.739,23.186,23.902,22.739,4050000.0,0.4705,0.478,0.4818,0.4692,202090000.0,337.58,321.9,338.19,320.41,735130.0
2023-05-01,28077.6,29252.1,29329.6,27685.9,84360.0,1830.75,1869.05,1885.7,1807.3,475920.0,21.975,22.739,22.88,21.6,5000000.0,0.4649,0.4706,0.4723,0.4556,464920000.0,328.6,337.58,339.49,326.21,748760.0
2023-05-02,28669.1,28079.0,28877.4,27913.2,65330.0,1869.74,1830.75,1878.7,1823.25,391270.0,22.252,21.952,22.374,21.76,3280000.0,0.4646,0.4649,0.4659,0.4579,449590000.0,321.51,328.6,328.6,321.51,451590.0
2023-05-03,29023.6,28669.1,29244.7,28164.4,81220.0,1904.74,1869.74,1915.0,1844.72,489660.0,22.22,22.25,22.282,21.254,5120000.0,0.4634,0.4646,0.4653,0.4504,488000000.0,325.9,321.51,327.5,320.6,631220.0
2023-05-04,28842.1,29023.6,29352.7,28687.4,53800.0,1877.06,1904.76,1915.15,1868.18,372690.0,21.74,22.22,22.472,21.616,3210000.0,0.461,0.4634,0.4649,0.4548,311120000.0,323.8,325.9,327.4,323.21,205930.0
2023-05-05,29513.2,28842.2,29653.9,28825.3,74520.0,1993.33,1877.06,1996.64,1875.66,589050.0,22.825,21.74,23.043,21.656,4960000.0,0.4671,0.4609,0.4702,0.4569,408070000.0,326.5,323.8,329.09,323.34,299470.0
2023-05-06,28857.1,29512.8,29816.4,28414.9,58940.0,1896.48,1993.33,2013.1,1868.09,658630.0,21.928,22.825,23.224,21.613,3870000.0,0.4582,0.4671,0.4691,0.4528,237950000.0,321.9,326.5,328.38,319.59,288800.0
2023-05-07,28424.8,28857.1,29122.0,28419.6,36500.0,1870.99,1896.48,1931.39,1870.94,441650.0,21.655,21.928,22.734,21.655,3800000.0,0.4489,0.4582,0.4599,0.447,171580000.0,320.9,321.9,325.39,320.5,214880.0
2023-05-08,27670.5,28424.8,28627.8,27280.3,85720.0,1847.48,1871.03,1883.54,1813.63,667820.0,20.632,21.657,21.807,20.003,7050000.0,0.4283,0.4489,0.451,0.414,678140000.0,313.79,320.9,321.99,311.22,398340.0
2023-05-09,27634.9,27670.5,27816.0,27366.3,49750.0,1846.56,1847.48,1858.57,1832.05,318790.0,20.673,20.632,20.997,20.427,3220000.0,0.4289,0.4283,0.4308,0.4206,464670000.0,312.21,313.79,315.79,311.2,272700.0
2023-05-10,27603.3,27634.3,28311.7,26885.7,91450.0,1840.92,1846.56,1886.83,1797.07,685110.0,20.932,20.658,21.297,19.999,6520000.0,0.4303,0.4289,0.4338,0.4133,505800000.0,314.3,312.2,316.69,308.63,374690.0
2023-05-11,26983.5,27604.3,27607.4,26766.2,62850.0,1794.71,1840.92,1841.04,1774.3,548420.0,20.184,20.934,20.934,19.797,4780000.0,0.4206,0.4303,0.4304,0.4116,423240000.0,307.5,314.3,314.41,304.5,305120.0
2023-05-12,26799.2,26983.1,27044.0,25853.1,87490.0,1807.31,1794.71,1812.46,1741.48,598870.0,20.906,20.184,20.936,19.83,4360000.0,0.4305,0.4206,0.4432,0.4166,562850000.0,308.6,307.5,309.0,301.3,339080.0
2023-05-13,26777.5,26798.7,27011.9,26695.6,27950.0,1794.95,1807.31,1814.55,1786.23,223650.0,20.832,20.906,21.277,20.792,2310000.0,0.424,0.4305,0.4305,0.4236,145070000.0,310.71,308.6,311.8,307.6,161150.0
2023-05-14,26920.0,26777.4,27176.1,26609.9,26350.0,1799.36,1795.11,1822.93,1791.86,229740.0,20.944,20.832,21.234,20.632,1970000.0,0.4252,0.424,0.4314,0.4218,142860000.0,312.09,310.71,314.7,309.5,199430.0
2023-05-15,27183.9,26920.4,27651.7,26752.1,53270.0,1817.11,1799.36,1845.27,1786.61,405840.0,20.99,20.944,21.504,20.622,3930000.0,0.4274,0.4252,0.4303,0.4216,372480000.0,313.4,312.09,316.2,310.7,208510.0
2023-05-16,27035.3,27183.9,27295.3,26881.9,45290.0,1823.98,1817.11,1830.01,1797.6,325770.0,20.673,20.987,21.133,20.45,3770000.0,0.4426,0.4274,0.4428,0.4189,501100000.0,311.3,313.4,314.0,309.4,190080.0
2023-05-17,27403.1,27035.5,27465.3,26597.7,58140.0,1821.73,1823.98,1834.44,1785.78,376260.0,21.047,20.673,21.182,20.44,3490000.0,0.4481,0.4426,0.4611,0.4379,722300000.0,314.29,311.3,314.3,307.2,229040.0
2023-05-18,26828.0,27403.8,27467.0,26449.8,63390.0,1800.99,1822.12,1831.51,1774.77,311240.0,20.347,21.047,21.09,20.127,3670000.0,0.4598,0.4485,0.4721,0.4431,601870000.0,309.4,314.29,314.8,306.21,245410.0
2023-05-19,26882.9,26828.2,27154.7,26711.3,36670.0,1812.32,1800.95,1829.33,1796.99,253500.0,20.35,20.347,20.563,20.267,1660000.0,0.4675,0.4597,0.4746,0.4574,479510000.0,308.9,309.4,311.39,307.7,198260.0
2023-05-20,27116.2,26883.0,27147.2,26831.3,17720.0,1819.68,1812.32,1828.06,1807.08,134460.0,20.29,20.35,20.36,20.113,1280000.0,0.4684,0.4675,0.4712,0.4619,186840000.0,310.7,308.9,311.9,307.8,110110.0
2023-05-21,26749.9,27116.2,27257.1,26677.6,27420.0,1804.89,1819.66,1827.47,1799.03,170050.0,19.612,20.29,20.39,19.413,2570000.0,0.4575,0.4684,0.4705,0.4553,218480000.0,306.41,310.7,311.6,305.83,149160.0
2023-05-22,26847.3,26749.9,27048.9,26546.1,35560.0,1817.19,1804.89,1827.38,1792.35,250270.0,19.53,19.612,19.997,19.37,3020000.0,0.4617,0.4575,0.4671,0.4509,414380000.0,309.1,306.41,311.1,304.5,231130.0
2023-05-23,27220.7,26851.6,27448.1,26804.1,50890.0,1854.08,1817.19,1868.89,1815.41,428050.0,20.028,19.53,20.166,19.426,3280000.0,0.4651,0.4617,0.4669,0.459,385360000.0,313.5,309.1,315.3,309.1,234960.0
2023-05-24,26328.4,27220.7,27220.7,26088.7,72650.0,1799.91,1854.08,1854.08,1781.7,441640.0,19.213,20.03,20.07,18.852,3800000.0,0.4531,0.4651,0.4651,0.4464,500060000.0,305.9,313.5,313.6,303.81,302100.0
2023-05-25,26475.8,26327.1,26589.2,25892.5,50170.0,1805.69,1799.91,1817.05,1764.92,370600.0,19.25,19.213,19.54,18.798,2370000.0,0.4537,0.4531,0.4546,0.4438,282800000.0,304.6,305.9,306.8,302.5,295390.0
2023-05-26,26711.5,26475.5,26911.6,26330.0,45880.0,1827.8,1805.62,1837.39,1798.1,290890.0,19.35,19.25,19.553,19.093,1440000.0,0.4685,0.4538,0.4699,0.4525,412550000.0,306.9,304.6,308.4,301.71,409720.0
2023-05-27,26857.5,26711.2,26882.9,26591.2,18680.0,1829.91,1827.8,1835.94,1817.35,147460.0,20.424,19.353,20.512,19.33,2000000.0,0.4718,0.4685,0.4785,0.4658,254850000.0,307.4,306.9,307.7,304.1,150060.0
2023-05-28,28071.2,26855.3,28181.9,26788.5,55230.0,1908.35,1829.91,1914.92,1824.7,401090.0,20.802,20.422,21.165,20.302,3530000.0,0.482,0.4718,0.486,0.47,229960000.0,314.1,307.4,314.41,306.8,266780.0
2023-05-29,27739.4,28068.4,28431.2,27548.8,54560.0,1892.61,1908.37,1925.74,1878.33,338070.0,20.572,20.8,20.974,20.28,2840000.0,0.4944,0.482,0.4948,0.4767,443390000.0,311.6,314.1,316.9,310.5,474210.0
2023-05-30,27698.2,27738.9,28033.6,27583.8,45190.0,1900.59,1892.61,1915.91,1882.97,288670.0,21.253,20.572,21.396,20.472,4460000.0,0.5205,0.4944,0.5289,0.4896,892900000.0,311.4,311.6,314.1,310.9,299810.0
2023-05-31,27216.1,27696.9,27825.0,26865.1,63080.0,1873.63,1900.59,1906.21,1852.0,337870.0,20.823,21.253,21.326,20.435,2840000.0,0.5168,0.5205,0.5275,0.5012,600310000.0,306.7,311.4,311.8,305.01,448980.0
2023-06-01,26819.0,27216.4,27340.9,26662.3,51980.0,1861.77,1873.62,1888.07,1846.23,286980.0,20.497,20.82,20.983,20.437,2290000.0,0.5065,0.5168,0.5168,0.5021,421140000.0,304.8,306.7,307.5,303.3,263130.0
2023-06-02,27244.7,26819.0,27299.4,26541.3,49370.0,1907.1,1861.77,1910.01,1847.84,329160.0,21.258,20.497,21.372,20.325,2660000.0,0.5247,0.5065,0.5268,0.5041,396930000.0,307.3,304.8,308.4,303.5,309770.0
2023-06-03,27072.0,27246.0,27317.5,26931.4,20620.0,1892.05,1907.1,1907.9,1884.17,157100.0,21.19,21.262,21.345,20.994,1480000.0,0.5188,0.5247,0.5321,0.5157,234100000.0,306.6,307.3,308.1,305.3,162090.0
2023-06-04,27122.3,27070.9,27410.2,26956.1,23810.0,1890.04,1892.05,1914.12,1884.54,183070.0,21.83,21.195,22.29,21.035,3610000.0,0.5358,0.5188,0.5461,0.5153,333010000.0,305.1,306.6,307.6,304.81,192730.0
2023-06-05,25747.4,27122.3,27125.5,25437.5,85420.0,1811.2,1890.0,1890.53,1782.82,588610.0,20.0,21.83,22.052,19.353,8369999.999999999,0.509,0.5358,0.5425,0.4905,808200000.0,277.1,305.1,305.1,272.41,1140000.0
2023-06-06,27230.2,25745.6,27325.2,25425.6,88610.0,1884.17,1811.19,1895.79,1800.75,518570.00000000006,20.39,19.993,20.685,19.265,5770000.0,0.5299,0.509,0.5322,0.497,594240000.0,281.11,277.1,285.6,273.4,742080.0
2023-06-07,26342.5,27230.2,27342.0,26141.0,77480.0,1832.1,1884.63,1893.73,1823.42,454830.0,18.627,20.39,20.512,18.527,5400000.0,0.5183,0.5299,0.538,0.507,613060000.0,259.21,281.1,281.6,254.65,1240000.0
2023-06-08,26501.1,26341.8,26784.4,26231.3,39950.0,1845.68,1832.1,1860.53,1829.38,202780.0,18.892,18.633,19.093,18.258,3150000.0,0.5238,0.5183,0.5277,0.5157,352840000.0,261.91,259.21,267.2,257.33,616610.0
2023-06-09,26479.3,26501.1,26773.9,26326.7,38960.0,1840.41,1845.68,1854.72,1828.66,215710.0,17.398,18.89,19.325,17.125,6200000.0,0.538,0.5238,0.5406,0.5206,477700000.0,260.51,261.91,264.29,255.91,536350.0
2023-06-10,25844.0,26479.3,26525.1,25468.3,83570.0,1751.56,1840.41,1844.23,1719.16,696590.0,15.623,17.398,17.398,13.33,20690000.0,0.5068,0.538,0.5385,0.477,828840000.0,238.7,260.51,260.7,230.76,1680000.0
2023-06-11,25928.4,25843.3,26190.1,25660.8,39200.0,1752.8,1751.56,1775.87,1740.02,232040.0,15.551,15.622,16.142,15.142,7040000.0,0.5207,0.5068,0.5289,0.503,302450000.0,235.39,238.7,239.29,233.64,430820.0
2023-06-12,25906.8,25927.9,26080.7,25635.0,40750.0,1742.6,1752.8,1757.79,1722.92,320470.0,15.19,15.55,15.649,14.759,6090000.0,0.525,0.5207,0.5279,0.5091,478140000.0,231.29,235.39,238.79,221.4,1660000.0
2023-06-13,25929.4,25906.9,26428.9,25726.4,56240.0,1739.6,1742.6,1763.15,1727.64,303230.0,15.038,15.191,15.931,14.78,5770000.0,0.5191,0.525,0.5634,0.5058,1020000000.0,244.19,231.29,246.53,228.9,1300000.0
2023-06-14,25129.5,25929.0,26051.7,24847.4,60820.0,1650.96,1739.6,1749.9,1636.49,451130.0,14.488,15.037,15.336,14.14,4820000.0,0.4801,0.5191,0.5203,0.4657,718200000.0,237.89,244.19,252.1,233.73,1030000.0
2023-06-15,25591.3,25129.5,25732.8,24838.0,68380.0,1666.96,1650.96,1678.94,1632.5,397400.0,14.787,14.49,15.049,14.189,5380000.0,0.4803,0.4801,0.4854,0.4682,461320000.0,236.49,237.89,240.6,230.7,645960.0
2023-06-16,26341.3,25591.9,26472.8,25276.0,69240.0,1717.92,1666.96,1728.35,1653.68,333350.0,15.32,14.787,15.45,14.454,3940000.0,0.4758,0.4803,0.4831,0.4573,504550000.0,239.38,236.49,243.17,232.49,596480.0
2023-06-17,26515.0,26341.3,26767.3,26183.5,35860.0,1727.79,1717.92,1764.06,1714.3,227930.0,15.64,15.32,16.093,15.17,3120000.0,0.4794,0.4758,0.4861,0.4695,247750000.0,244.6,239.38,249.5,237.29,511260.0
2023-06-18,26339.7,26515.0,26679.3,26290.6,27310.0,1720.98,1727.79,1746.4,1715.9,167460.0,15.448,15.64,15.828,15.34,1940000.0,0.487,0.4794,0.4975,0.4754,298360000.0,244.1,244.6,248.5,242.6,373870.0
2023-06-19,26845.9,26339.7,27029.7,26295.1,46450.0,1737.06,1720.98,1748.05,1706.4,263640.0,16.102,15.448,16.13,15.368,2410000.0,0.4934,0.487,0.4982,0.4826,412310000.0,243.0,244.1,244.7,238.89,443840.0
2023-06-20,28307.7,26845.9,28393.0,26665.5,100550.0,1791.61,1737.06,1793.35,1715.2,359770.0,16.633,16.102,16.653,15.758,4099999.9999999995,0.4927,0.4934,0.4963,0.473,485590000.0,247.7,243.0,247.99,238.7,667120.0
2023-06-21,29996.9,28307.7,30769.5,28270.5,143490.0,1889.87,1791.64,1899.11,1787.59,653630.0,17.245,16.633,17.402,16.57,5530000.0,0.5,0.4927,0.5033,0.4893,549210000.0,249.0,247.7,253.91,245.2,1050000.0
2023-06-22,29890.5,29992.8,30497.8,29590.4,79220.0,1872.32,1889.87,1931.6,1866.66,438750.0,16.634,17.237,17.725,16.582,4330000.0,0.494,0.4999,0.527,0.4882,599840000.0,240.8,248.9,256.79,239.5,1070000.0
2023-06-23,30679.4,29890.2,31395.4,29822.6,98850.0,1891.97,1872.29,1932.23,1864.6,428030.0,17.142,16.634,17.512,16.218,6420000.0,0.4959,0.494,0.502,0.485,452440000.0,244.2,240.8,249.38,239.7,667760.0
2023-06-24,30533.6,30680.7,30795.3,30269.4,38150.0,1875.0,1891.98,1904.04,1865.77,239370.0,16.642,17.142,17.525,16.392,3530000.0,0.4866,0.4959,0.496,0.4808,263360000.0,236.49,244.2,248.49,231.1,830760.0
2023-06-25,30465.3,30533.6,31040.2,30315.8,37120.0,1898.8,1875.0,1929.61,1869.28,356990.0,16.964,16.642,17.38,16.573,3450000.0,0.4902,0.4866,0.497,0.4831,257950000.0,238.89,236.39,241.9,235.3,544580.0
2023-06-26,30267.0,30466.3,30645.9,29986.3,58710.0,1859.0,1898.8,1906.07,1840.63,479760.0,16.262,16.962,17.112,15.986,3980000.0,0.4791,0.4902,0.4916,0.4732,402160000.0,236.09,238.89,241.2,233.79,551400.0
2023-06-27,30689.1,30267.0,30993.7,30231.3,55820.0,1889.51,1859.0,1911.73,1856.19,386050.0,16.622,16.262,16.92,16.14,3850000.0,0.4838,0.4791,0.4848,0.4765,390620000.0,237.5,236.09,240.79,234.5,374610.0
2023-06-28,30078.6,30691.9,30703.4,29919.5,51060.0,1827.95,1889.51,1890.11,1821.94,356710.0,15.965,16.622,16.648,15.712,5320000.0,0.4647,0.4838,0.4843,0.4507,471720000.0,230.5,237.5,237.5,225.9,668630.0
2023-06-29,30445.7,30077.3,30823.1,30051.3,49570.0,1851.92,1827.95,1878.86,1827.95,256220.00000000003,17.99,15.968,18.238,15.885,9570000.0,0.4746,0.4646,0.4772,0.4615,296750000.0,233.1,230.6,236.5,230.5,364980.0
2023-06-30,30472.9,30445.7,31275.5,29714.5,118650.0,1933.8,1851.92,1943.65,1837.49,765420.0,18.858,17.988,19.93,17.33,13570000.0,0.4729,0.4746,0.4826,0.4545,541260000.0,240.4,233.1,241.68,231.82,877060.0
2023-07-01,30586.8,30472.9,30649.9,30329.0,22460.0,1924.53,1933.8,1943.2,1909.92,189410.0,18.719,18.858,18.983,17.919,4080000.0,0.4733,0.4729,0.476,0.4648,299650000.0,247.8,240.4,248.8,240.3,743300.0
2023-07-02,30617.7,30587.1,30769.0,30227.9,28820.0,1937.57,1924.53,1958.36,1893.68,283610.0,19.462,18.719,19.718,18.559,5970000.0,0.4844,0.4731,0.4956,0.47,449380000.0,246.4,247.8,248.4,243.1,615550.0
2023-07-03,31151.3,30617.5,31377.0,30581.5,56490.0,1955.56,1937.57,1974.61,1934.51,346330.0,19.234,19.46,19.64,18.89,3790000.0,0.4891,0.4844,0.4912,0.4789,469380000.0,246.3,246.4,253.67,245.6,893570.0
2023-07-04,30768.4,31152.0,31326.5,30657.8,42120.0,1936.19,1955.56,1966.03,1931.64,226100.0,19.134,19.234,19.928,19.08,3860000.0,0.4869,0.4891,0.4935,0.4822,378460000.0,242.4,246.3,246.89,240.7,510140.0
2023-07-05,30512.8,30768.6,30875.6,30233.3,43230.0,1910.43,1936.21,1942.15,1896.43,284340.0,18.99,19.134,19.376,18.476,3190000.0,0.4776,0.4872,0.4919,0.4698,389090000.0,238.9,242.4,243.89,236.76,541970.0
2023-07-06,29913.1,30512.8,31463.6,29869.0,90810.0,1848.36,1910.43,1957.58,1847.01,483000.0,19.641,18.992,20.964,18.86,11930000.0,0.4623,0.4776,0.4842,0.4619,395390000.0,232.29,238.9,244.29,231.68,702320.0
2023-07-07,30346.4,29912.7,30442.0,29757.4,46420.0,1870.92,1848.29,1877.51,1827.35,249820.0,21.493,19.616,21.698,19.298,11560000.0,0.4686,0.4623,0.4707,0.4586,292480000.0,235.6,232.29,236.1,231.49,451070.0
2023-07-08,30288.8,30346.8,30379.9,30055.9,17410.0,1865.28,1870.92,1873.16,1843.82,136690.0,21.823,21.495,22.447,21.329,7760000.0,0.4704,0.4686,0.4747,0.4653,151240000.0,236.3,235.6,237.59,234.3,269160.0
2023-07-09,30166.9,30288.8,30425.5,30071.9,20050.0,1862.91,1865.28,1878.22,1856.97,145470.0,21.342,21.823,22.332,21.042,4590000.0,0.4681,0.4704,0.4717,0.4669,105410000.0,234.1,236.3,237.0,233.2,242910.0
2023-07-10,30415.3,30166.9,31019.6,29969.1,55240.0,1880.42,1862.91,1903.82,1846.71,264830.0,21.305,21.325,21.79,20.532,6750000.0,0.478,0.4681,0.4799,0.4638,429530000.0,246.2,234.1,246.3,231.61,1230000.0
2023-07-11,30623.3,30414.2,30782.2,30333.8,39840.0,1878.33,1880.42,1889.83,1863.93,191470.0,22.078,21.298,22.305,21.212,5530000.0,0.4753,0.478,0.4782,0.4711,295950000.0,248.69,246.1,249.4,244.7,677470.0
2023-07-12,30387.3,30623.3,30951.3,30231.7,54060.0,1871.86,1878.33,1901.45,1865.11,280910.0,21.942,22.078,22.72,21.776,7450000.0,0.4711,0.4753,0.4772,0.4662,307590000.0,243.9,248.69,250.39,242.7,613170.0
2023-07-13,31466.1,30387.3,31764.5,30260.0,99810.0,2004.77,1871.86,2010.75,1863.22,588530.0,25.995,21.938,26.651,21.45,19220000.0,0.815,0.4711,0.9214,0.4696,3450000000.0,256.3,243.9,257.5,242.8,1070000.0
2023-07-14,30317.4,31465.4,31602.6,29944.3,82420.0,1938.05,2004.77,2025.56,1900.22,530860.0,26.679,25.991,30.574,25.309,23770000.0,0.7182,0.8156,0.8239,0.6723,2120000000.0,248.1,256.3,261.6,243.51,1100000.0
2023-07-15,30291.4,30316.8,30395.4,30246.9,17060.0,1931.42,1938.05,1946.1,1926.83,145890.0,27.456,26.675,29.072,26.547,12930000.0,0.7145,0.7181,0.7329,0.6938,1010000000.0,250.9,248.1,252.5,247.1,393000.0
2023-07-16,30235.5,30291.8,30435.0,30075.4,20310.0,1922.45,1931.43,1942.55,1918.01,158590.0,27.42,27.461,28.553,26.764,8109999.999999999,0.747,0.7145,0.7891,0.7053,1310000000.0,242.3,250.9,252.0,242.2,443130.0
2023-07-17,30139.7,30235.5,30335.9,29693.3,42840.0,1911.24,1922.45,1935.99,1876.0,293540.0,26.804,27.42,28.455,25.794,10590000.0,0.7375,0.747,0.7644,0.7148,839350000.0,244.1,242.3,244.8,240.11,811670.0
2023-07-18,29866.8,30139.7,30242.4,29624.6,42400.0,1897.58,1911.24,1917.21,1877.52,233000.0,25.554,26.804,27.062,24.793,8119999.999999999,0.779,0.7375,0.7819,0.7329,801790000.0,240.2,244.1,246.6,238.11,957480.0
2023-07-19,29909.7,29866.7,30185.5,29789.3,34960.0,1888.65,1897.58,1920.48,1882.18,244920.0,26.32,25.554,26.98,25.378,6480000.0,0.8198,0.7788,0.8489,0.7717,1260000000.0,241.0,240.2,244.0,239.81,460830.0
2023-07-20,29801.0,29909.7,30408.0,29621.4,50330.0,1891.23,1888.64,1928.36,1879.39,321920.0,25.371,26.31,27.358,25.096,6370000.0,0.794,0.8198,0.8482,0.7726,908890000.0,242.7,241.0,245.0,240.6,464080.0
2023-07-21,29903.1,29801.0,30058.9,29739.9,32590.000000000004,1891.75,1891.68,1905.57,1884.95,176390.0,25.492,25.378,25.994,25.098,4230000.0,0.7713,0.7942,0.7985,0.7617,600420000.0,243.8,242.7,245.2,242.2,306090.0
2023-07-22,29788.9,29904.5,29988.0,29657.3,18470.0,1866.25,1891.75,1897.03,1854.09,143130.0,24.52,25.492,25.96,24.26,2990000.0,0.7329,0.7713,0.7797,0.7236,492500000.0,240.9,243.8,244.8,240.2,189810.0
2023-07-23,30085.9,29788.9,30337.0,29735.7,23320.0,1888.85,1866.26,1903.95,1858.12,164310.0,24.76,24.522,25.248,24.233,3140000.0,0.7384,0.7329,0.7513,0.7161,456900000.0,242.4,240.9,243.9,240.5,177300.0
2023-07-24,29178.1,30085.9,30098.2,28890.7,55730.0,1850.04,1888.85,1890.78,1835.14,297130.0,23.37,24.763,24.83,22.917,5220000.0,0.7022,0.7384,0.7423,0.6833,831810000.0,239.0,242.4,243.0,235.51,478390.0
2023-07-25,29228.6,29178.3,29365.4,29058.7,29050.0,1857.67,1850.05,1867.36,1845.68,161060.0,23.27,23.37,23.578,22.767,3350000.0,0.709,0.7022,0.7153,0.6754,622400000.0,237.8,239.0,239.7,236.6,316030.0
2023-07-26,29352.2,29228.8,29681.8,29109.7,44330.0,1872.0,1857.67,1886.92,1849.43,286610.0,25.19,23.27,25.581,23.182,7500000.0,0.7163,0.709,0.7304,0.6953,614790000.0,239.0,237.8,240.3,236.5,328860.0
2023-07-27,29222.7,29352.9,29568.8,29094.0,30420.0,1861.32,1872.0,1885.87,1855.4,176210.0,25.102,25.174,25.634,24.7,5270000.0,0.7139,0.7163,0.731,0.7079,547340000.0,240.6,239.0,243.6,238.5,319420.0
2023-07-28,29315.0,29222.7,29533.0,29125.1,31420.0,1874.23,1861.32,1882.23,1856.9,148920.0,24.82,25.1,25.522,24.554,3600000.0,0.7123,0.7139,0.7184,0.7034,363730000.0,241.9,240.7,242.9,239.71,237920.0
2023-07-29,29353.5,29315.0,29400.1,29256.9,13900.0,1880.55,1874.23,1886.26,1869.74,79760.0,25.16,24.82,25.38,24.755,2260000.0,0.7121,0.7123,0.7152,0.7051,218350000.0,242.5,241.9,242.89,241.1,104850.0
2023-07-30,29281.7,29354.2,29446.6,29054.5,20580.0,1861.81,1880.55,1884.33,1851.63,167770.0,24.25,25.158,25.21,23.763,3530000.0,0.7046,0.7121,0.7335,0.686,453080000.0,242.5,242.5,243.8,240.6,260860.0
2023-07-31,29232.4,29282.0,29502.3,29128.3,31840.0,1856.17,1861.81,1876.03,1851.42,177970.0,23.72,24.25,24.78,23.608,3990000.0,0.6976,0.7046,0.7199,0.6871,649900000.0,240.9,242.5,244.4,240.7,339760.0
2023-08-01,29712.2,29232.3,29712.2,28611.0,64010.00000000001,1874.21,1856.17,1875.0,1818.06,386290.0,24.01,23.722,24.04,23.012,4530000.0,0.707,0.6976,0.7074,0.6798,609870000.0,247.79,240.9,247.79,238.1,832080.0
2023-08-02,29173.7,29711.8,30025.9,28961.6,67410.0,1840.21,1874.21,1879.32,1822.94,272700.0,23.148,24.05,24.234,22.93,4220000.0,0.6851,0.707,0.7076,0.6773,447750000.0,240.7,247.79,248.79,235.9,652400.0
2023-08-03,29189.3,29180.9,29409.8,28981.0,36080.0,1835.98,1839.76,1858.62,1828.34,182560.0,22.64,23.148,23.372,22.484,3630000.0,0.6633,0.6848,0.6874,0.6571,588430000.0,241.1,240.7,241.9,238.5,311310.0
2023-08-04,29105.5,29189.1,29319.1,28875.8,31430.0,1830.24,1835.98,1849.13,1819.65,199600.0,22.796,22.64,23.558,22.508,4070000.0000000005,0.6356,0.6632,0.6674,0.6292,581930000.0,241.8,241.1,243.4,240.7,280680.0
2023-08-05,29068.1,29105.6,29139.3,28983.0,14550.0,1836.48,1830.24,1838.62,1827.52,103080.0,22.648,22.796,22.926,22.311,2160000.0,0.6288,0.6356,0.6357,0.6121,496930000.0,243.3,241.7,243.3,240.2,179810.0
2023-08-06,29081.3,29067.9,29198.9,28987.4,16030.000000000002,1830.28,1836.48,1838.08,1826.12,100320.0,23.197,22.648,23.432,22.578,3070000.0,0.624,0.6288,0.6383,0.6215,378600000.0,243.2,243.3,245.5,242.8,282600.0
2023-08-07,29204.2,29081.3,29270.2,28721.0,41190.0,1829.11,1830.28,1846.41,1805.3,243920.0,23.109,23.197,23.579,22.418,3780000.0,0.6231,0.624,0.6298,0.6003,720000000.0,242.1,243.2,244.8,239.7,310960.0
2023-08-08,29777.4,29204.2,30168.6,29137.7,62570.0,1856.24,1829.1,1871.77,1826.4,253390.0,24.21,23.117,24.74,23.026,5920000.0,0.6419,0.6231,0.6466,0.6145,616880000.0,245.2,242.1,247.87,241.5,387510.0
2023-08-09,29578.0,29771.3,30104.0,29384.2,49670.0,1855.36,1856.24,1870.48,1846.76,203580.0,24.385,24.21,24.984,24.122,4700000.0,0.6433,0.6419,0.6653,0.6341,717550000.0,243.8,245.2,245.5,242.8,299880.0
2023-08-10,29449.0,29578.0,29719.4,29377.5,32000.0,1852.46,1855.36,1865.94,1847.34,134210.0,24.605,24.385,24.86,24.135,3080000.0,0.6329,0.6433,0.6444,0.6247,507620000.0,241.4,243.8,244.1,240.5,267630.0
2023-08-11,29420.8,29448.9,29544.9,29271.2,27710.0,1848.88,1852.46,1857.17,1840.65,120550.0,24.618,24.605,24.898,24.354,2940000.0,0.6318,0.633,0.6407,0.6267,419600000.0,239.7,241.4,242.3,238.3,296240.0
2023-08-12,29428.2,29420.8,29480.8,29375.4,11070.0,1849.94,1848.88,1853.54,1846.13,66930.0,24.902,24.616,25.128,24.396,2250000.0,0.6274,0.6318,0.6331,0.6247,206000000.0,240.2,239.7,241.2,239.3,117720.0
2023-08-13,29300.1,29428.2,29468.5,29272.3,13490.0,1840.73,1849.94,1861.5,1835.51,126510.0,24.23,24.902,24.94,24.216,2340000.0,0.6256,0.6276,0.6382,0.6244,279290000.0,240.2,240.3,241.8,239.9,135860.0
2023-08-14,29426.7,29300.1,29689.0,29116.0,39300.0,1845.51,1840.73,1856.48,1835.9,158110.0,25.176,24.23,25.271,24.117,3660000.0,0.6342,0.6256,0.6368,0.6243,456280000.0,240.5,240.2,241.4,239.8,204830.0
2023-08-15,29195.3,29426.7,29472.0,29118.6,33810.0,1828.98,1845.51,1847.35,1816.32,196600.0,23.946,25.18,25.28,23.744,4840000.0,0.6104,0.6342,0.6345,0.5873,591960000.0,236.89,240.5,240.7,235.01,409000.0
2023-08-16,28726.3,29195.3,29251.1,28717.6,43710.0,1807.81,1828.98,1831.52,1803.31,217470.0,22.816,23.92,24.016,22.438,5480000.0,0.589,0.6104,0.6166,0.5777,847810000.0,232.1,236.89,237.4,231.01,436000.0
2023-08-17,26635.7,28726.1,28771.8,25489.4,132920.0,1683.89,1807.81,1809.81,1560.88,876700.0,21.7,22.816,23.416,20.265,7700000.0,0.5066,0.589,0.5945,0.4334,1290000000.0,218.09,232.1,232.4,214.29,1050000.0
2023-08-18,26053.2,26635.7,26801.9,25691.0,93050.0,1661.26,1681.51,1698.77,1646.32,572900.0,21.348,21.698,22.172,20.976,4840000.0,0.506,0.5063,0.5199,0.4852,1210000000.0,216.1,218.09,220.3,213.5,692770.0
2023-08-19,26099.4,26053.3,26262.2,25799.5,33040.0,1669.67,1661.27,1693.88,1654.35,243310.0,21.9,21.346,22.15,21.308,2110000.0,0.52,0.506,0.5237,0.5009,549930000.0,216.9,216.1,219.2,214.1,330470.0
2023-08-20,26190.8,26099.5,26269.1,25998.5,24000.0,1685.24,1669.68,1692.47,1662.82,205820.0,21.768,21.9,22.014,21.596,1340000.0,0.5385,0.52,0.5554,0.5164,765320000.0,216.5,216.9,217.9,215.4,194550.0
2023-08-21,26126.0,26190.8,26220.9,25850.8,41100.0,1667.6,1685.24,1686.11,1651.77,265910.0,21.19,21.77,21.772,20.448,3360000.0,0.5244,0.5385,0.5397,0.5061,868000000.0,210.4,216.5,216.8,206.7,801420.0
2023-08-22,26039.9,26126.8,26138.8,25481.9,47720.0,1634.29,1667.6,1669.22,1588.36,424510.0,20.584,21.192,21.262,19.557,4500000.0,0.5207,0.5244,0.5254,0.5048,718430000.0,210.9,210.4,212.7,203.8,897160.0
2023-08-23,26436.2,26042.0,26807.7,25812.6,60960.0,1679.93,1634.3,1697.63,1629.86,399710.0,21.738,20.584,21.784,20.448,4590000.0,0.5301,0.5207,0.5365,0.5159,493090000.0,216.7,210.9,218.6,210.8,662950.0
2023-08-24,26177.0,26436.2,26560.5,25943.6,41040.0,1660.89,1679.93,1683.03,1642.45,246620.0,21.058,21.738,22.018,20.684,3360000.0,0.5186,0.5301,0.5319,0.5122,433370000.0,219.0,216.7,220.5,215.7,381060.0
2023-08-25,26057.2,26176.1,26265.7,25811.6,39960.0,1653.74,1661.18,1676.13,1636.77,250860.0,20.42,21.058,21.058,20.096,2950000.0,0.5257,0.5186,0.531,0.5082,517750000.0,218.4,219.0,219.5,213.91,394290.0
2023-08-26,26017.1,26057.2,26114.1,25993.5,12090.0,1647.05,1653.74,1655.58,1644.04,84340.0,20.288,20.42,20.422,20.206,937780.0,0.5231,0.5257,0.5279,0.5184,231570000.0,216.5,218.4,219.19,216.1,150040.0
2023-08-27,26100.6,26017.1,26176.8,25968.7,14290.0,1658.33,1647.05,1660.11,1646.35,94200.0,20.79,20.288,20.908,20.24,1370000.0,0.5236,0.5231,0.53,0.5206,258089999.99999997,218.3,216.5,219.7,215.9,191660.0
2023-08-28,26118.9,26100.6,26215.7,25891.0,28840.0,1653.22,1658.34,1660.8,1628.79,229390.0,20.568,20.79,20.79,20.086,2100000.0,0.5232,0.5236,0.525,0.5121,404870000.0,218.8,218.3,219.2,215.6,318230.0
2023-08-29,27723.9,26118.1,28046.0,25919.8,98320.0,1729.69,1653.22,1742.83,1640.29,528630.0,21.792,20.568,21.982,20.118,6610000.0,0.54,0.5232,0.5475,0.5133,649470000.0,226.9,218.8,233.5,217.0,691520.0
2023-08-30,27298.8,27723.9,27757.3,27043.2,46540.0,1705.22,1729.69,1730.71,1696.99,218440.0,20.812,21.792,21.958,20.6,3170000.0,0.5284,0.5398,0.5403,0.5222,468330000.0,223.8,226.9,227.19,221.8,313380.0
2023-08-31,25937.3,27300.6,27464.5,25731.0,69110.0,1645.82,1705.23,1723.95,1634.74,355270.0,19.727,20.812,21.008,19.481,4820000.0,0.511,0.5283,0.5287,0.4997,541270000.0,216.7,223.8,225.78,215.11,465260.0
2023-09-01,25803.2,25938.3,26144.9,25361.9,58080.0,1629.0,1645.82,1654.39,1603.67,319190.0,19.322,19.737,19.92,19.08,3330000.0,0.498,0.511,0.5118,0.4881,598120000.0,213.7,216.8,218.0,211.42,475080.0
2023-09-02,25869.7,25803.5,25977.4,25752.7,21240.0,1637.05,1629.0,1644.63,1628.11,109030.0,19.5,19.322,19.678,19.146,1730000.0,0.4988,0.498,0.5025,0.4945,331430000.0,214.5,213.7,215.69,213.0,212810.0
2023-09-03,25971.0,25869.7,26090.4,25816.6,21360.0,1635.85,1637.05,1645.16,1625.61,124140.0,19.572,19.5,19.668,19.256,1340000.0,0.5047,0.4988,0.5098,0.4973,298750000.0,214.3,214.5,215.1,213.2,172570.0
2023-09-04,25823.3,25971.0,26094.2,25660.9,27130.0,1630.51,1635.86,1643.31,1618.49,178250.0,19.517,19.572,19.998,19.181,2620000.0,0.5086,0.5047,0.5126,0.4976,443630000.0,215.2,214.4,216.49,213.1,313830.0
2023-09-05,25790.2,25824.4,25864.0,25596.3,28400.0,1634.46,1630.53,1647.67,1610.02,219790.0,20.258,19.52,20.571,19.047,5070000.0,0.5056,0.5086,0.5086,0.4994,393220000.0,214.6,215.2,216.0,213.6,249610.0
2023-09-06,25758.0,25790.1,26018.4,25411.7,37780.0,1633.18,1634.46,1667.08,1610.49,240730.0,19.64,20.258,20.37,19.206,4099999.9999999995,0.5032,0.5056,0.5058,0.4919,391310000.0,215.2,214.6,218.04,212.2,308240.0
2023-09-07,26249.8,25758.0,26417.7,25626.5,39770.0,1648.09,1633.18,1658.04,1624.07,243550.0,19.904,19.64,19.99,19.34,2920000.0,0.505,0.5032,0.5065,0.4966,340610000.0,217.1,215.2,217.8,213.6,253370.0
2023-09-08,25909.5,26248.5,26415.4,25701.6,41010.0,1636.45,1648.09,1657.53,1618.39,236380.0,19.61,19.904,20.27,19.395,2430000.0,0.505,0.505,0.507,0.4951,358560000.0,214.7,217.1,218.4,213.4,242280.0
2023-09-09,25901.1,25909.5,25938.5,25814.3,13480.0,1635.56,1636.45,1637.21,1630.12,63970.0,19.432,19.608,19.61,19.385,846260.0,0.5038,0.505,0.505,0.5016,127510000.0,214.1,214.7,215.4,214.1,97330.0
2023-09-10,25840.2,25901.1,25995.1,25626.7,23600.0,1617.44,1635.56,1635.72,1604.26,220970.0,18.23,19.432,19.44,17.85,6860000.0,0.4969,0.5038,0.5038,0.4932,225990000.0,212.4,214.1,214.3,211.31,287170.0
2023-09-11,25166.4,25840.2,25897.4,24923.1,56320.0,1551.89,1617.44,1618.8,1533.95,444950.0,17.736,18.238,18.438,17.396,6020000.0,0.4743,0.4969,0.4982,0.4624,661840000.0,206.2,212.4,212.7,204.19,590560.0
2023-09-12,25834.5,25166.4,26472.6,25133.5,78710.0,1592.5,1551.89,1617.39,1549.71,354590.0,17.91,17.738,18.69,17.57,5940000.0,0.4802,0.4743,0.4855,0.4701,479550000.0,210.7,206.2,213.8,205.1,534620.0
2023-09-13,26223.0,25836.1,26382.3,25766.9,42580.0,1607.63,1592.5,1614.43,1582.03,238310.0,18.398,17.912,18.52,17.708,5120000.0,0.4833,0.4802,0.4889,0.4739,395130000.0,212.6,210.8,213.2,209.3,309620.0
2023-09-14,26524.7,26223.0,26760.3,26148.6,53820.0,1626.49,1607.63,1639.23,1607.08,293640.0,18.85,18.398,19.3,18.398,5380000.0,0.4891,0.4833,0.4934,0.4801,321930000.0,212.2,212.6,214.9,211.2,362540.0
2023-09-15,26601.0,26523.3,26837.4,26233.1,36470.0,1641.31,1626.49,1652.4,1612.25,194290.0,19.14,18.852,19.433,18.567,2910000.0,0.5005,0.4891,0.5066,0.4881,412040000.0,214.1,212.2,215.0,211.1,317440.0
2023-09-16,26562.0,26599.9,26769.0,26463.5,18450.0,1634.41,1641.31,1650.04,1631.74,107110.0,19.13,19.143,19.421,18.885,1830000.0,0.4997,0.5005,0.5034,0.4983,176370000.0,214.9,214.1,215.8,213.4,293310.0
2023-09-17,26529.1,26562.0,26614.4,26408.7,16570.0,1622.65,1634.41,1635.0,1612.87,127490.0,18.822,19.13,19.132,18.682,1310000.0,0.4926,0.4997,0.5003,0.4901,190790000.0,216.4,214.9,216.7,213.4,336710.0
2023-09-18,26763.5,26530.3,27413.3,26405.2,63350.0,1636.92,1622.63,1668.87,1609.69,302350.0,19.648,18.822,20.122,18.613,4870000.0,0.503,0.4926,0.5071,0.4886,464230000.0,216.0,216.4,221.2,215.2,610230.0
2023-09-19,27209.2,26759.0,27480.7,26672.2,52170.0,1643.08,1636.88,1659.53,1627.31,201840.0,20.03,19.65,20.362,19.582,3760000.0,0.5138,0.503,0.5163,0.5012,510010000.0,217.2,216.0,219.6,215.5,355330.0
2023-09-20,27125.0,27209.2,27378.6,26851.8,47230.0,1622.28,1643.14,1649.17,1610.14,253880.0,20.297,20.03,20.508,19.818,3430000.0,0.5212,0.5139,0.5249,0.5075,503980000.0,214.3,217.2,217.8,213.5,380150.0
2023-09-21,26570.0,27125.2,27155.6,26382.3,47810.0,1584.03,1622.28,1625.31,1569.03,264250.0,19.463,20.292,20.292,19.313,4019999.9999999995,0.5072,0.5212,0.5212,0.5007,430970000.0,210.8,214.3,215.1,209.21,422870.0
2023-09-22,26581.9,26569.5,26736.4,26488.5,28790.0,1593.1,1584.03,1601.79,1578.78,135120.0,19.428,19.463,19.78,19.172,2360000.0,0.5121,0.5071,0.5166,0.5044,328360000.0,211.0,210.8,212.1,209.8,242740.0
2023-09-23,26579.2,26581.7,26636.2,26517.5,12920.0,1593.89,1593.1,1597.96,1587.79,69310.0,19.488,19.428,19.563,19.29,1170000.0,0.5076,0.5121,0.5136,0.5058,135460000.0,210.5,211.0,211.6,209.9,120470.0
2023-09-24,26251.5,26579.0,26727.6,26162.2,22320.0,1580.55,1593.89,1600.37,1573.94,144300.0,19.358,19.488,19.654,19.278,1330000.0,0.5021,0.5076,0.5115,0.4996,150060000.0,208.3,210.5,211.2,207.01,189720.0
2023-09-25,26302.7,26251.6,26423.6,26013.6,38200.0,1588.62,1580.55,1596.57,1564.7,191410.0,19.398,19.362,19.736,19.14,2240000.0,0.5056,0.5021,0.5069,0.4919,410240000.0,210.0,208.3,210.5,207.0,278850.0
2023-09-26,26218.9,26303.1,26396.2,26093.4,26410.0,1594.04,1588.62,1597.67,1580.6,141610.0,19.026,19.398,19.52,18.868,2500000.0,0.502,0.5056,0.5073,0.4977,365970000.0,212.6,210.0,213.6,209.7,289380.0
2023-09-27,26366.1,26218.9,26836.9,26109.1,50800.0,1598.49,1594.05,1633.5,1585.28,307590.0,19.127,19.026,19.46,18.762,3390000.0,0.4995,0.5019,0.5069,0.4968,334640000.0,212.0,212.6,216.0,210.6,416660.0
2023-09-28,27022.6,26368.2,27283.6,26339.4,64560.0,1652.89,1598.53,1667.61,1598.16,354030.0,19.96,19.127,19.976,19.105,3970000.0,0.5097,0.4995,0.51,0.4952,341110000.0,215.0,212.0,216.9,211.6,401790.0
2023-09-29,26909.8,27022.6,27229.5,26728.8,42240.0,1667.72,1652.89,1686.63,1648.47,273450.0,20.28,19.96,20.424,19.853,3290000.0,0.5217,0.5097,0.5463,0.5062,844570000.0,215.2,215.0,217.49,214.3,377760.0
2023-09-30,26962.7,26908.1,27085.7,26887.5,17550.0,1670.92,1667.71,1693.68,1666.25,147600.0,21.364,20.28,21.762,20.1,4410000.0,0.5148,0.5217,0.5217,0.5146,205790000.0,214.5,215.2,216.4,214.3,181720.0
2023-10-01,27974.5,26962.5,28038.4,26955.7,35110.0,1732.89,1670.92,1741.94,1668.94,245320.0,23.883,21.364,24.433,21.138,7770000.0,0.5239,0.5148,0.5255,0.5139,225010000.0,218.0,214.5,219.2,213.2,420800.0
2023-10-02,27505.3,27974.6,28556.6,27325.2,84300.0,1662.79,1732.9,1742.42,1638.04,412810.0,23.36,23.887,24.671,22.93,8000000.0,0.5123,0.5239,0.5259,0.5104,449820000.0,214.6,218.0,221.4,213.11,580040.0
2023-10-03,27428.4,27501.6,27670.8,27194.1,44060.0,1656.88,1662.79,1670.45,1644.05,216110.0,23.608,23.36,24.697,23.268,7030000.0,0.5389,0.5122,0.547,0.5064,554820000.0,213.5,214.6,215.8,212.7,303080.0
2023-10-04,27790.9,27428.7,27832.7,27242.5,40930.0,1647.05,1656.88,1657.61,1630.48,243080.0,23.14,23.608,23.776,22.665,4830000.0,0.5326,0.5389,0.542,0.522,630730000.0,213.2,213.5,213.7,210.8,334580.0
2023-10-05,27410.3,27783.5,28089.1,27371.7,46260.0,1611.58,1646.61,1654.03,1609.54,253050.0,22.67,23.14,23.73,22.592,4050000.0,0.5228,0.5326,0.5326,0.5181,342910000.0,210.7,213.4,213.8,210.3,263710.0
2023-10-06,27936.9,27410.3,28223.6,27195.7,52510.0,1645.62,1611.58,1659.99,1611.58,238240.0,23.483,22.67,23.731,22.67,5050000.0,0.5254,0.5227,0.5289,0.5178,298220000.0,213.4,210.7,214.4,210.2,261990.0
2023-10-07,27961.1,27935.5,28021.3,27859.0,17290.0,1633.58,1640.59,1643.25,1630.18,107550.0,23.303,23.701,23.824,23.091,3430000.0,0.5215,0.5254,0.5255,0.5198,95150000.0,212.3,213.4,213.8,211.5,129449.99999999999
2023-10-08,27922.7,27961.1,28097.5,27714.4,24110.0,1632.85,1633.58,1641.3,1616.8,159270.0,23.224,23.301,23.613,23.101,2210000.0,0.5175,0.5215,0.5234,0.5164,120340000.0,211.4,212.3,212.7,209.11,231460.0
2023-10-09,27581.4,27922.7,27986.4,27279.5,44810.0,1579.74,1632.85,1635.13,1550.1,372110.0,22.097,23.222,23.37,21.782,4870000.0,0.5026,0.5175,0.52,0.4924,442970000.0,205.8,211.4,212.2,202.99,586600.0
2023-10-10,27391.0,27581.5,27728.1,27300.1,34320.0,1567.6,1579.77,1593.73,1552.34,255410.0,22.098,22.1,22.459,21.703,2810000.0,0.4964,0.5026,0.5026,0.4919,305920000.0,208.5,205.8,210.87,205.7,593770.0
2023-10-11,26876.6,27391.9,27475.9,26558.4,55780.0,1566.88,1567.62,1578.16,1549.16,279010.0,22.015,22.098,22.416,21.63,3550000.0,0.489,0.4964,0.4977,0.4795,313410000.0,206.59,208.5,208.8,204.6,413460.0
2023-10-12,26761.1,26878.2,26942.8,26565.3,32750.0,1539.7,1566.88,1568.47,1523.78,260589.99999999997,21.299,22.008,22.032,21.032,3400000.0,0.483,0.489,0.489,0.4746,346560000.0,205.3,206.59,207.08,203.01,372650.0
2023-10-13,26863.5,26761.1,27114.8,26682.9,33660.0,1552.17,1539.7,1574.08,1538.07,208910.0,21.84,21.299,22.175,21.12,2970000.0,0.4851,0.483,0.4906,0.4787,319620000.0,206.0,205.3,208.1,204.31,339610.0
2023-10-14,26852.8,26863.5,26975.7,26805.1,13560.0,1554.96,1552.17,1559.94,1545.32,107260.0,21.99,21.838,22.22,21.808,1550000.0,0.4865,0.4851,0.4883,0.4835,119840000.0,206.6,206.0,207.1,205.7,145740.0
2023-10-15,27161.2,26852.8,27286.9,26812.6,21950.0,1557.66,1554.96,1565.8,1550.05,128699.99999999999,21.914,22.0,22.152,21.67,1820000.0,0.4874,0.4865,0.4899,0.4851,127240000.0,209.8,206.6,210.2,206.4,373510.0
2023-10-16,28509.7,27161.2,29969.5,27119.7,119180.0,1599.48,1557.79,1635.46,1555.13,452690.0,23.952,21.914,24.583,21.9,8670000.0,0.4978,0.4874,0.5099,0.4854,496800000.0,214.7,209.8,218.79,209.6,791110.0
2023-10-17,28403.6,28508.3,28608.5,28096.9,53420.0,1564.99,1599.48,1600.49,1553.63,250220.0,23.934,23.954,24.52,23.579,5520000.0,0.4911,0.4978,0.498,0.4876,376840000.0,211.5,214.7,214.9,209.6,385040.0
2023-10-18,28321.7,28405.2,28876.0,28169.0,45010.0,1563.43,1564.99,1583.77,1556.15,199430.0,23.417,23.934,24.36,23.38,3990000.0,0.4877,0.4911,0.4923,0.4865,368520000.0,210.2,211.5,213.7,209.9,268390.0
2023-10-19,28723.0,28321.8,28883.8,28170.2,50100.0,1566.79,1563.43,1573.48,1543.87,238420.0,24.942,23.42,25.434,23.181,7600000.0,0.5196,0.4878,0.5241,0.4777,647630000.0,211.1,210.2,211.4,208.2,281510.0
2023-10-20,29674.5,28724.0,30165.9,28586.1,82680.0,1603.89,1566.78,1629.26,1561.62,343610.0,27.02,24.927,27.35,24.732,9710000.0,0.515,0.5196,0.5296,0.5087,559750000.0,212.1,211.1,216.39,210.6,355280.0
2023-10-21,29912.9,29674.7,30264.8,29469.1,34680.0,1628.94,1603.89,1642.33,1592.41,188940.0,29.343,27.02,30.165,26.665,11470000.0,0.5211,0.5149,0.5314,0.5112,221480000.0,214.1,212.1,215.7,211.4,268380.0
2023-10-22,29984.2,29912.7,30193.4,29713.6,29070.0,1663.35,1628.94,1667.5,1623.29,246680.0,29.049,29.325,29.992,28.123,6550000.0,0.5226,0.5211,0.5238,0.5132,202820000.0,217.8,214.1,218.1,213.6,299880.0
2023-10-23,33041.8,29984.2,34375.6,29891.4,133460.0,1763.75,1663.35,1791.99,1657.57,672280.0,31.922,29.051,32.709,28.77,15070000.0,0.5472,0.5226,0.5523,0.5199,777460000.0,228.3,217.8,230.4,217.0,864750.0
2023-10-24,33917.0,33037.3,35191.4,32866.5,159080.0,1784.88,1763.79,1853.31,1757.32,750210.0,30.16,31.922,32.552,29.592,13770000.0,0.5589,0.5473,0.5839,0.5365,1160000000.0,225.1,228.3,237.49,222.11,1050000.0
2023-10-25,34496.8,33917.0,35123.9,33713.4,75810.0,1787.0,1784.88,1814.21,1761.39,389390.0,32.444,30.16,33.841,30.038,13170000.0,0.5552,0.5589,0.5632,0.541,626900000.0,222.1,225.1,229.0,221.7,637800.0
2023-10-26,34153.7,34497.6,34826.0,33749.9,56620.0,1803.13,1787.0,1864.81,1764.43,471170.0,32.78,32.448,33.242,30.777,9530000.0,0.5535,0.5552,0.5676,0.5434,650560000.0,223.2,222.1,228.0,219.49,754090.0
2023-10-27,33901.8,34153.7,34245.8,33423.6,47330.0,1779.54,1803.38,1803.63,1751.77,298240.0,31.724,32.78,33.305,31.456,7870000.0,0.543,0.5533,0.5586,0.5384,500060000.0,224.4,223.2,230.77,219.9,1000000.0
2023-10-28,34082.6,33901.6,34387.8,33867.3,22000.0,1776.21,1779.54,1801.12,1772.08,134100.0,31.632,31.724,32.5,31.413,3130000.0,0.5446,0.543,0.5504,0.5406,251860000.0,225.7,224.4,228.29,224.2,360350.0
2023-10-29,34526.7,34082.6,34737.9,33937.6,27720.0,1794.96,1776.21,1809.98,1764.08,156390.0,32.805,31.632,33.142,31.312,4670000.0,0.5561,0.5446,0.5613,0.541,206620000.0,227.0,225.7,228.1,223.7,277320.0
2023-10-30,34477.9,34526.7,34853.3,34089.5,45200.0,1809.05,1794.96,1829.47,1778.59,304470.0,34.942,32.83,35.199,32.385,9620000.0,0.5782,0.5561,0.5841,0.5497,595420000.0,227.9,227.0,229.1,224.8,412060.0
2023-10-31,34650.6,34478.9,34704.6,34053.9,43400.0,1815.13,1809.05,1819.43,1783.32,279110.0,38.398,34.942,38.561,34.862,12760000.0,0.5996,0.5782,0.6156,0.563,787700000.0,226.3,227.9,229.29,224.0,477450.0
2023-11-01,35423.8,34648.3,35557.5,34138.7,71660.0,1846.6,1815.12,1857.0,1783.98,509010.0,41.113,38.401,46.479,37.926,25100000.0,0.6087,0.5996,0.6156,0.5803,734230000.0,227.9,226.3,229.29,222.6,592520.0
2023-11-02,34931.4,35423.8,35907.6,34357.4,63660.0,1800.27,1846.6,1873.02,1789.0,398430.0,40.246,41.113,44.501,38.762,18190000.0,0.6054,0.6087,0.625,0.5897,797370000.0,231.8,227.9,233.4,227.5,855200.0
2023-11-03,34718.7,34931.4,34940.6,34124.2,54540.0,1832.29,1800.28,1834.16,1779.79,337000.0,39.452,40.246,40.25,38.072,12860000.0,0.6121,0.6054,0.6149,0.5923,657340000.0,230.3,231.8,232.4,225.9,513429.99999999994
2023-11-04,35065.8,34718.6,35242.2,34601.1,23800.0,1855.72,1832.31,1868.52,1824.4,190180.0,42.424,39.454,42.675,39.032,9180000.0,0.6151,0.6121,0.618,0.6089,372070000.0,237.1,230.3,238.6,229.3,400420.0
2023-11-05,35019.4,35065.8,35360.2,34550.0,31020.0,1892.36,1855.72,1911.0,1846.57,418910.0,41.154,42.426,42.826,40.297,5780000.0,0.6605,0.6151,0.6623,0.6141,645220000.0,244.0,237.1,245.5,236.1,631920.0
2023-11-06,35042.0,35020.3,35275.6,34742.9,29810.0,1900.98,1891.81,1913.13,1870.0,359000.0,42.187,41.157,42.19,39.687,7070000.0,0.7148,0.6608,0.7317,0.6591,965920000.0,255.09,244.0,255.5,241.7,870250.0
2023-11-07,35426.1,35042.1,35877.9,34536.9,53490.0,1885.97,1900.98,1906.55,1852.05,370100.0,42.946,42.171,44.442,40.236,12270000.0,0.6852,0.7148,0.7149,0.6555,1050000000.0,246.3,255.1,255.49,242.3,896210.0
2023-11-08,35636.9,35426.2,36050.2,35148.8,46330.0,1889.29,1885.95,1903.67,1873.47,265080.0,43.127,42.946,43.866,42.295,6000000.0,0.6871,0.6852,0.6977,0.6726,688970000.0,246.71,246.3,248.09,244.3,513260.0
2023-11-09,36700.5,35636.9,37942.0,35578.1,115560.0,2120.16,1888.42,2131.31,1882.91,1210000.0,45.335,43.132,48.777,42.529,16800000.0,0.6666,0.687,0.706,0.6343,1150000000.0,251.7,246.71,255.6,241.7,1360000.0
2023-11-10,37303.0,36700.5,37496.1,36347.2,59560.0,2077.78,2120.16,2135.91,2068.79,640310.0,56.677,45.305,57.442,45.095,19270000.0,0.6597,0.6666,0.671,0.6408,720370000.0,250.9,251.7,257.9,248.21,837130.0
2023-11-11,37150.5,37306.3,37401.3,36767.6,29530.0,2053.42,2077.72,2089.24,2033.56,405960.0,56.354,56.677,63.576,53.636,18650000.0,0.6627,0.6594,0.685,0.6417,499640000.0,251.59,251.1,255.19,246.2,761820.0
2023-11-12,37064.4,37149.0,37215.3,36761.9,21450.0,2044.61,2053.4,2065.35,2020.76,354640.0,56.35,56.375,61.823,54.617,13540000.0,0.6616,0.6627,0.6708,0.6478,255020000.0,247.4,251.59,251.9,245.44,656510.0
2023-11-13,36478.3,37067.8,37404.6,36358.4,44550.0,2054.18,2044.61,2115.24,2031.01,578440.0,51.662,56.35,59.8,51.635,14450000.0,0.6704,0.6613,0.7478,0.6423,944370000.0,241.19,247.4,250.19,240.3,976300.0
2023-11-14,35549.3,36478.3,36744.5,34984.3,63560.0,1979.1,2054.15,2064.51,1943.01,521220.0,56.82,51.639,57.751,51.603,15400000.0,0.6294,0.6705,0.6712,0.5974,760690000.0,242.2,241.19,249.38,235.42,1020000.0
2023-11-15,37874.9,35549.3,37954.1,35379.6,75510.0,2058.93,1979.4,2060.95,1967.97,455570.0,65.555,56.82,67.03,56.234,16379999.999999998,0.6481,0.6296,0.6502,0.6253,413750000.0,253.79,242.2,254.2,242.1,936470.0
2023-11-16,36161.2,37873.9,37907.6,35561.6,66920.0,1961.76,2058.93,2089.44,1940.44,585120.0,57.815,65.527,68.076,56.552,18330000.0,0.612,0.6481,0.6521,0.6054,529370000.0,242.7,253.79,255.6,240.3,1110000.0
2023-11-17,36595.4,36161.8,36690.6,35875.2,51370.0,1960.8,1961.77,1990.24,1908.24,430920.0,58.497,57.823,60.442,54.205,14710000.0,0.6132,0.612,0.624,0.5866,459820000.0,244.79,242.7,245.9,238.51,776220.0
2023-11-18,36568.6,36617.5,36845.2,36220.6,20880.0,1961.72,1960.8,1971.02,1920.13,298880.0,58.552,58.497,59.313,54.856,9190000.0,0.6106,0.6132,0.6143,0.5911,230910000.0,244.8,244.89,245.2,238.8,497980.0
2023-11-19,37354.2,36568.6,37504.6,36393.3,26140.0,2011.01,1961.72,2014.93,1943.63,269020.0,61.114,58.566,62.011,56.724,9090000.0,0.6255,0.6106,0.6286,0.6014,291810000.0,246.31,244.8,246.8,241.9,392990.0
2023-11-20,37454.1,37356.6,37735.6,36857.6,51800.0,2021.49,2011.02,2064.05,1994.89,455230.0,56.574,61.087,61.199,56.234,8920000.0,0.6122,0.6255,0.6281,0.6101,367190000.0,253.1,246.31,267.71,240.18,1570000.0
2023-11-21,35813.6,37452.7,37631.2,35799.2,71070.0,1934.62,2021.49,2034.51,1932.5,527410.0,51.691,56.574,57.316,51.401,12950000.0,0.5788,0.6122,0.6177,0.5737,607290000.0,225.7,253.1,271.14,224.11,4110000.0000000005
2023-11-22,37410.8,35797.5,37862.5,35695.6,64810.0,2063.05,1934.62,2090.01,1930.66,506350.0,57.482,51.691,58.825,51.65,9830000.0,0.6107,0.5787,0.6161,0.5785,479190000.0,236.1,225.7,238.3,225.21,1820000.0
2023-11-23,37293.1,37410.8,37642.5,36915.3,32350.0,2061.92,2063.05,2088.2,2040.66,264010.0,56.412,57.538,59.506,56.192,6230000.0,0.6203,0.6107,0.6235,0.6062,426770000.0,233.7,236.1,239.0,230.5,729590.0
2023-11-24,37717.3,37295.0,38400.8,37257.4,65830.0,2080.62,2061.92,2129.2,2059.23,460970.0,56.863,56.412,58.712,56.242,5280000.0,0.6212,0.6204,0.6252,0.616,385000000.0,232.8,233.8,236.4,231.6,623610.0
2023-11-25,37787.0,37718.6,37887.4,37599.9,16090.0,2083.09,2080.63,2089.64,2065.17,154350.0,58.809,56.87,59.715,55.895,5310000.0,0.6225,0.6211,0.6232,0.6158,166720000.0,234.5,232.8,235.6,232.4,317790.0
2023-11-26,37451.8,37786.4,37819.1,37166.3,29200.0,2062.64,2082.91,2092.8,2038.28,259790.00000000003,57.559,58.809,59.007,56.26,4240000.0,0.6154,0.6225,0.6366,0.6097,378140000.0,231.6,234.5,234.5,228.7,442650.0
2023-11-27,37248.6,37451.8,37563.3,36751.5,45240.0,2027.51,2062.3,2071.13,1987.43,354280.0,55.06,57.559,58.04,53.59,6160000.0,0.6034,0.6154,0.6165,0.5939,456950000.0,227.3,231.6,232.9,222.9,841600.0
2023-11-28,37823.3,37244.3,38379.4,36881.1,57500.0,2048.47,2027.51,2074.79,1996.19,312940.0,58.192,55.055,58.634,53.978,7110000.0,0.6087,0.6034,0.6124,0.5958,427830000.0,229.6,227.3,231.7,224.3,552680.0
2023-11-29,37855.5,37823.3,38362.9,37607.6,49340.0,2028.99,2048.47,2071.36,2020.31,269970.0,59.294,58.184,61.706,57.766,9660000.0,0.6083,0.6089,0.6156,0.6036,375950000.0,227.3,229.6,231.2,226.2,423800.0
2023-11-30,37712.9,37857.6,38144.4,37509.2,33530.0,2051.56,2028.99,2054.33,2021.44,252490.0,59.199,59.292,61.646,58.858,5670000.0,0.6054,0.6083,0.609,0.5982,362040000.0,227.6,227.3,229.2,226.0,366360.0
2023-12-01,38688.2,37712.9,38950.8,37618.3,62500.0,2087.21,2051.59,2109.32,2045.39,402510.0,59.754,59.199,61.846,58.614,6660000.0,0.6116,0.6055,0.6124,0.6024,360950000.0,228.5,227.6,230.0,227.0,431530.0
2023-12-02,39458.4,38688.2,39673.4,38646.5,37090.0,2164.79,2087.21,2179.73,2086.29,344200.0,63.807,59.756,63.898,59.674,6290000.0,0.619,0.6116,0.621,0.61,240750000.0,229.1,228.5,230.1,226.4,463450.0
2023-12-03,39970.2,39456.8,40178.9,39280.3,35270.0,2192.79,2164.79,2215.46,2150.58,279650.0,62.988,63.795,65.419,62.329,6520000.0,0.6221,0.619,0.632,0.6158,359980000.0,228.1,229.1,231.7,226.11,602390.0
2023-12-04,41987.8,39968.6,42394.4,39968.6,104210.0,2243.54,2192.79,2272.26,2191.43,601450.0,61.572,62.988,65.243,60.081,10400000.0,0.6238,0.6221,0.6422,0.591,687660000.0,233.5,228.1,236.8,226.0,1500000.0
2023-12-05,44076.2,41989.6,44424.1,41424.9,96840.0,2293.34,2243.3,2302.29,2190.96,561410.0,60.959,61.575,62.548,59.153,7720000.0,0.6201,0.6239,0.6292,0.6075,527350000.0,231.2,233.5,234.9,228.2,874430.0
2023-12-06,43776.3,44076.2,44283.7,43466.7,72520.0,2233.45,2293.36,2310.2,2223.15,431570.0,61.896,60.959,66.631,60.959,13830000.0,0.6396,0.6202,0.6417,0.6122,706830000.0,229.59,231.2,234.7,228.81,873940.0
2023-12-07,43289.7,43774.4,44046.4,42860.5,63090.0,2355.8,2233.45,2381.65,2224.61,518610.0,67.791,61.898,69.322,61.677,13530000.0,0.6416,0.6395,0.6527,0.6225,636770000.0,232.7,229.59,234.7,228.6,807420.0
2023-12-08,44175.5,43288.3,44697.6,43108.4,58440.0,2358.42,2355.78,2389.36,2340.88,397410.0,74.896,67.798,75.242,67.798,14150000.0,0.6724,0.6416,0.6753,0.636,661270000.0,238.8,232.7,239.9,232.4,780760.0
2023-12-09,43718.4,44175.5,44361.2,43617.4,31670.0,2340.55,2358.42,2401.34,2332.36,304640.0,72.319,74.896,77.55,71.848,11330000.0,0.6585,0.6718,0.6994,0.6561,706260000.0,237.5,238.8,245.2,236.5,856780.0
2023-12-10,43791.0,43716.6,44045.4,43576.8,23810.0,2352.26,2340.55,2376.57,2324.18,206780.0,74.75,72.317,74.839,70.734,7650000.0,0.6617,0.6585,0.671,0.6481,373770000.0,239.7,237.5,241.39,237.0,442960.0
2023-12-11,41256.1,43791.0,43806.3,40277.1,105190.0,2225.34,2352.26,2355.02,2164.16,678030.0,70.297,74.871,74.919,65.783,15880000.0,0.6186,0.6617,0.6627,0.6024,811110000.0,246.41,239.7,247.48,228.99,2060000.0
2023-12-12,41487.0,41256.1,42070.9,40691.5,57040.0,2203.49,2225.33,2243.34,2168.18,377050.0,68.55,70.297,72.388,65.962,9920000.0,0.619,0.6186,0.6261,0.6069,522270000.0,254.39,246.41,257.0,245.7,1910000.0
2023-12-13,42884.5,41487.0,43417.5,40649.3,63110.0,2260.18,2203.49,2283.84,2148.87,436640.0,70.598,68.55,72.457,64.058,10300000.0,0.6272,0.619,0.634,0.595,556100000.0,252.1,254.4,255.89,244.31,1180000.0
2023-12-14,43025.9,42886.3,43392.7,41591.2,59150.0,2315.64,2260.18,2331.63,2237.39,461600.0,75.686,70.596,76.186,69.682,9450000.0,0.6316,0.6273,0.6377,0.6141,487850000.0,253.4,252.1,254.0,248.12,834250.0
2023-12-15,41929.0,43025.2,43080.7,41697.9,45280.0,2220.41,2315.4,2317.42,2213.18,349630.0,72.545,75.686,79.454,72.214,11170000.0,0.6155,0.6316,0.643,0.6138,507120000.0,244.91,253.3,253.3,243.31,672510.0
2023-12-16,42271.7,41929.0,42690.3,41698.2,30110.0,2229.07,2220.41,2262.68,2212.8,206790.0,73.724,72.503,77.191,71.279,7210000.0,0.6204,0.6155,0.6255,0.6108,283120000.0,244.4,244.91,248.1,243.21,456320.0
2023-12-17,41368.7,42271.7,42413.2,41276.9,35460.0,2197.04,2229.07,2247.84,2196.06,233480.0,70.737,73.733,74.914,70.594,6500000.0,0.6103,0.6204,0.6223,0.6089,295920000.0,239.0,244.4,244.5,238.9,474540.0
2023-12-18,42659.7,41369.1,42728.0,40554.0,61580.0,2218.8,2197.01,2223.3,2123.06,388260.0,74.394,70.799,75.38,67.13,9170000.0,0.6124,0.6103,0.6143,0.5814,661100000.0,241.69,239.0,241.69,232.11,892280.0
2023-12-19,42259.3,42659.7,43473.3,41842.7,55290.0,2177.44,2218.82,2254.75,2137.8,400940.0,73.078,74.418,76.352,71.833,7640000.0,0.6045,0.6124,0.6166,0.5974,444300000.0,252.89,241.69,254.69,241.4,1610000.0
2023-12-20,43662.8,42259.5,44278.7,42217.2,70190.0,2202.19,2177.45,2263.3,2161.76,440350.0,82.164,73.068,83.992,72.986,13600000.0,0.617,0.6045,0.6261,0.6012,535820000.00000006,260.2,252.89,261.7,250.5,1140000.0
2023-12-21,43865.9,43660.3,44241.8,43310.2,48960.0,2239.62,2202.19,2277.72,2183.35,471460.0,93.92,82.164,95.465,81.187,15310000.0,0.6241,0.617,0.6248,0.6108,423840000.0,271.5,260.2,274.69,256.3,1310000.0
2023-12-22,43968.9,43865.9,44394.6,43419.3,44500.0,2324.23,2239.62,2341.52,2232.83,620730.0,97.972,93.908,99.342,90.659,15050000.0,0.6243,0.6241,0.631,0.6157,525200000.00000006,270.9,271.5,276.2,265.0,987240.0
2023-12-23,43710.4,43968.9,43994.6,43325.7,21290.0,2308.61,2324.24,2330.07,2267.39,266300.0,107.948,97.964,109.638,92.869,10510000.0,0.6195,0.6243,0.6248,0.6115,281410000.0,270.8,270.9,272.0,265.8,414920.0
2023-12-24,42981.5,43710.4,43935.7,42748.5,30860.0,2263.57,2308.6,2325.08,2247.73,319330.0,112.471,107.948,117.912,107.504,15820000.0,0.612,0.6195,0.6289,0.6071,430860000.0,264.4,270.8,272.5,262.1,583960.0
2023-12-25,43578.5,42982.0,43792.7,42745.3,32670.0,2271.38,2263.57,2303.28,2253.25,298170.0,120.761,112.514,125.506,108.164,13740000.0,0.6461,0.612,0.6485,0.6083,663830000.0,266.8,264.4,268.0,261.71,477850.0
2023-12-26,42513.3,43579.9,43594.9,41796.6,56030.0,2230.74,2271.38,2274.71,2184.6,429500.0,112.603,120.761,121.291,103.265,15420000.0,0.622,0.6461,0.6462,0.6029,593530000.0,297.8,266.8,303.0,264.32,2420000.0
2023-12-27,43446.5,42514.3,43676.7,42115.3,50100.0,2378.63,2230.76,2391.53,2213.78,577270.0,106.782,112.603,115.232,105.099,11250000.0,0.6344,0.622,0.6413,0.6133,522010000.0,323.99,297.8,324.0,285.31,2160000.0
2023-12-28,42581.1,43446.5,43782.6,42309.3,49840.0,2344.47,2378.63,2443.59,2338.46,626910.0,101.845,106.766,109.442,97.302,12920000.0,0.6345,0.6341,0.6569,0.6254,647410000.0,322.8,324.09,337.89,320.3,2290000.0
2023-12-29,42072.4,42581.1,43108.0,41459.0,60980.0,2299.24,2344.48,2385.26,2265.63,475370.0,106.166,101.845,109.726,99.632,11740000.0,0.623,0.6345,0.6362,0.6133,447900000.0,313.6,322.8,325.4,307.84,1430000.0
2023-12-30,42136.7,42074.7,42592.2,41527.3,35180.0,2291.7,2299.24,2322.76,2269.23,219920.0,101.808,106.166,107.36,100.862,4930000.0,0.6207,0.623,0.6295,0.616,207770000.0,316.6,313.6,320.5,312.5,571000.0
2023-12-31,42272.5,42141.6,42878.8,41971.4,35580.0,2281.9,2291.7,2320.91,2264.67,232620.0,101.59,101.808,105.151,99.597,4840000.0,0.6154,0.6207,0.6279,0.6071,202660000.0,312.0,316.6,325.4,308.32,677550.0
2024-01-01,44183.4,42272.5,44187.0,42196.7,36300.0,2352.03,2281.89,2352.03,2266.75,229280.0,109.628,101.59,109.668,101.558,5570000.0,0.6295,0.6154,0.6309,0.6085,205680000.0,313.51,312.0,315.9,307.2,628460.0
2024-01-02,44943.7,44182.9,45885.4,44166.0,97840.0,2355.27,2352.06,2430.53,2347.62,491560.0,106.72,109.728,116.92,106.052,9660000.0,0.6245,0.6294,0.6394,0.6217,454630000.0,312.19,313.51,321.0,307.01,953520.0
2024-01-03,42836.1,44943.7,45492.7,40888.3,117650.0,2209.49,2355.28,2383.92,2122.78,852010.0,98.536,106.72,109.887,86.141,15160000.0,0.5822,0.6245,0.6392,0.5021,1390000000.0,315.82,312.19,333.69,295.6,2190000.0
2024-01-04,44157.0,42836.1,44744.5,42632.8,68050.0,2267.27,2209.49,2293.17,2202.99,467010.0,104.876,98.536,108.042,96.776,8730000.0,0.5869,0.5822,0.5937,0.5703,612730000.0,323.7,315.82,324.29,311.01,1150000.0
2024-01-05,44156.9,44163.0,44312.1,42629.0,68070.0,2268.12,2267.29,2275.25,2207.4,426010.0,99.93,104.876,105.301,95.605,8010000.0,0.5757,0.587,0.5884,0.5567,670400000.0,317.3,323.6,327.1,308.71,1170000.0
2024-01-06,43967.9,44156.6,44203.2,43424.0,24260.0,2240.49,2268.14,2269.65,2217.05,202820.0,93.728,99.93,100.227,91.618,6180000.0,0.5679,0.5757,0.5757,0.557,400490000.0,307.3,317.3,317.5,300.2,921530.0
2024-01-07,43927.3,43973.5,44481.2,43627.9,29530.0,2221.4,2240.49,2254.7,2209.46,216410.0,89.328,93.728,96.713,87.928,6840000.0,0.5511,0.568,0.5727,0.5462,381190000.0,302.3,307.59,309.9,300.11,504950.0
2024-01-08,46962.2,43934.2,47196.7,43251.0,103090.0,2330.98,2221.4,2357.14,2167.42,565230.0,97.86,89.347,99.91,85.331,12280000.0,0.5774,0.5511,0.5815,0.5451,767020000.0,303.6,302.3,308.0,290.5,998880.0
2024-01-09,46129.0,46959.2,47880.1,45333.9,100090.0,2344.67,2330.99,2369.6,2229.25,588190.0,99.37,97.899,103.898,95.484,10420000.0,0.5669,0.5774,0.5781,0.5558,702440000.0,301.0,303.6,306.7,296.2,1420000.0
2024-01-10,46629.3,46112.0,47654.3,44403.6,131480.0,2581.79,2344.29,2629.68,2342.21,1120000.0,102.024,99.37,105.323,92.35,10770000.0,0.6005,0.567,0.6143,0.5501,818700000.0,305.4,301.1,309.7,289.02,1050000.0
2024-01-11,46348.2,46629.3,48923.7,45651.8,131039.99999999999,2618.08,2581.9,2688.26,2567.55,889360.0,99.862,102.05,107.04,97.78,11410000.0,0.6018,0.6004,0.6224,0.586,698540000.0,308.3,305.4,316.7,301.62,1200000.0
2024-01-12,42835.9,46348.1,46503.2,41857.9,136920.0,2523.98,2618.08,2712.88,2462.93,931960.0,92.039,99.862,100.427,87.66,7950000.0,0.5702,0.6019,0.6033,0.5569,625570000.0,296.8,308.3,312.9,290.11,1020000.0
2024-01-13,42851.3,42836.7,43248.6,42443.3,48180.0,2578.36,2523.99,2589.98,2498.48,436910.0,95.774,92.058,97.039,89.59,5220000.0,0.5747,0.5701,0.5774,0.5701,216830000.0,302.1,296.8,303.0,291.0,445060.0
2024-01-14,41746.1,42851.3,43069.4,41739.6,37140.0,2473.96,2578.36,2578.37,2470.21,316450.0,93.855,95.781,103.11,93.767,7680000.0,0.5765,0.5747,0.5929,0.5718,264380000.0,299.41,302.1,306.6,298.81,405330.0
2024-01-15,42510.7,41747.6,43348.9,41719.2,52080.0,2511.94,2473.96,2553.24,2472.69,332150.0,94.398,93.9,96.87,93.166,4490000.0,0.5756,0.5765,0.5891,0.5688,356620000.0,317.59,299.41,319.79,299.41,1740000.0
2024-01-16,43145.5,42515.2,43563.7,42093.1,63930.0,2588.64,2511.95,2613.71,2501.0,395070.0,97.607,94.358,98.682,94.189,4570000.0,0.5757,0.5756,0.5797,0.5673,330960000.0,315.11,317.59,319.29,313.2,980650.0
2024-01-17,42768.7,43139.1,43192.3,42211.8,50440.0,2531.26,2588.63,2592.88,2510.0,380900.0,102.07,97.598,102.691,96.884,8700000.0,0.5686,0.5757,0.5763,0.5623,330820000.0,309.3,315.11,316.2,307.19,1110000.0
2024-01-18,41292.7,42763.5,42908.0,40682.6,70350.0,2469.77,2531.26,2548.79,2430.97,467220.0,94.352,102.078,103.424,91.679,7740000.0,0.5518,0.5686,0.569,0.5449,404830000.0,312.91,309.39,315.4,305.7,933480.0
2024-01-19,41648.0,41293.8,42164.6,40305.4,72640.0,2491.81,2469.77,2504.09,2418.61,443420.0,93.655,94.354,95.309,87.055,7770000.0,0.5443,0.5518,0.5536,0.5227,576030000.0,314.69,312.91,316.07,306.12,861030.0
2024-01-20,41695.4,41647.6,41858.0,41449.5,22270.0,2472.03,2491.81,2491.81,2455.07,143980.0,92.756,93.649,94.23,90.268,3320000.0,0.5537,0.5443,0.5549,0.5392,281170000.0,317.3,314.69,317.3,312.3,331210.0
2024-01-21,41583.2,41695.4,41878.0,41504.5,16110.0,2457.06,2472.04,2481.63,2453.48,126520.0,91.055,92.756,93.892,90.83,2410000.0,0.5463,0.5537,0.5552,0.5459,168990000.0,318.59,317.3,321.7,316.11,366630.0
2024-01-22,39556.4,41581.7,41684.9,39468.4,85100.0,2313.64,2457.06,2465.97,2304.06,560840.0,83.829,91.053,91.867,82.35,8670000.0,0.5274,0.5464,0.5493,0.5198,446900000.0,306.0,318.59,320.2,304.01,716820.0
2024-01-23,39888.8,39555.0,40159.4,38546.9,82670.0,2243.74,2313.65,2351.18,2169.54,750520.0,84.303,83.841,85.924,79.009,10070000.0,0.5181,0.5274,0.5317,0.4965,613250000.0,298.8,306.0,311.6,290.52,947320.0
2024-01-24,40086.0,39891.3,40535.2,39510.0,58640.0,2234.64,2243.72,2264.66,2198.89,373250.0,88.769,84.296,89.305,83.315,7350000.0,0.5182,0.5181,0.5192,0.5111,363130000.0,293.1,298.8,300.6,290.5,813890.0
2024-01-25,39935.7,40085.1,40285.8,39546.3,46300.0,2217.71,2234.64,2242.85,2173.82,344110.0,86.88,88.771,89.585,85.173,5120000.0,0.5137,0.5182,0.5182,0.5041,349930000.0,291.8,293.1,296.3,287.6,1020000.0
2024-01-26,41811.3,39942.0,42214.8,39831.2,69470.0,2267.55,2217.71,2280.83,2195.88,377790.0,92.209,86.877,93.662,86.1,6020000.0,0.5322,0.5137,0.5358,0.5085,455510000.0,302.3,291.8,304.1,290.8,725630.0
2024-01-27,42120.9,41811.5,42191.8,41413.0,20460.0,2267.91,2267.56,2282.16,2252.31,151260.0,94.201,92.272,94.481,90.72,3540000.0,0.5303,0.5322,0.5346,0.5265,163670000.0,305.7,302.3,307.5,301.9,295980.0
2024-01-28,42030.7,42121.3,42817.1,41649.0,32530.0,2256.92,2267.91,2306.43,2240.14,216930.0,95.982,94.266,99.42,93.422,6860000.0,0.5242,0.5303,0.5354,0.5213,191840000.0,305.3,305.7,308.9,303.2,420260.0
2024-01-29,43299.8,42031.4,43305.6,41824.7,45230.0,2317.79,2256.92,2320.97,2237.69,318840.0,101.613,95.982,101.88,95.103,7240000.0,0.5351,0.5242,0.5397,0.5201,399500000.0,310.7,305.3,310.9,304.41,450350.0
2024-01-30,42946.2,43303.3,43817.9,42702.9,55130.0,2343.11,2317.79,2389.23,2298.85,387120.0,101.377,101.617,106.318,101.033,8760000.0,0.5106,0.5351,0.539,0.5068,816710000.0,307.7,310.7,313.1,306.5,393660.0
2024-01-31,42580.5,42946.2,43739.7,42315.4,56480.0,2283.14,2343.11,2350.8,2266.8,408790.0,97.043,101.373,102.581,96.09,10670000.0,0.5033,0.5107,0.5142,0.491,623350000.0,300.5,307.79,308.0,298.9,464440.0
2024-02-01,43081.4,42580.1,43263.1,41890.5,47690.0,2304.28,2283.14,2311.31,2240.79,323610.0,97.803,97.04,98.015,93.143,8650000.0,0.5058,0.5033,0.5105,0.4904,438790000.0,300.1,300.5,302.1,296.61,381470.0
2024-02-02,43194.7,43083.7,43459.3,42596.3,42650.0,2309.28,2304.28,2324.57,2282.87,246890.0,100.542,97.803,102.495,97.452,6940000.0,0.5107,0.5058,0.5138,0.499,455940000.0,301.4,300.2,304.9,299.9,314380.0
2024-02-03,43005.7,43194.7,43370.4,42882.0,14570.0,2296.5,2309.28,2329.5,2293.1,137800.0,97.94,100.546,101.165,96.709,3640000.0,0.5186,0.5108,0.5263,0.5061,357190000.0,299.6,301.4,303.7,299.6,202130.0
2024-02-04,42581.4,43006.2,43113.2,42379.4,20330.0,2289.78,2296.5,2310.34,2272.02,180390.0,95.435,97.94,98.528,95.106,3540000.0,0.5032,0.5186,0.5191,0.5018,208500000.0,304.6,299.6,307.7,298.0,509040.0
2024-02-05,42697.2,42581.4,43532.2,42272.5,39260.0,2301.83,2289.78,2336.63,2271.28,244980.0,95.624,95.442,98.633,94.193,4800000.0,0.5068,0.5032,0.5138,0.4976,409980000.0,301.2,304.6,306.8,299.7,495710.0
2024-02-06,43087.7,42697.6,43375.5,42566.8,33320.0,2372.65,2301.83,2390.53,2299.24,381230.0,96.85,95.626,97.858,93.314,5530000.0,0.5051,0.5068,0.5111,0.499,396050000.0,302.8,301.2,303.7,300.9,265760.0
2024-02-07,44339.8,43088.4,44367.9,42783.5,48570.0,2424.64,2372.65,2443.71,2354.46,355400.0,101.058,96.848,101.409,94.755,5760000.0,0.5138,0.5051,0.5155,0.4994,460820000.0,307.41,302.8,308.7,300.8,362210.0
2024-02-08,45293.3,44346.2,45579.2,44336.4,66380.0,2419.56,2424.66,2461.0,2412.01,350330.0,102.76,101.059,104.912,100.562,7170000.0,0.5146,0.5138,0.519,0.5102,433540000.0,318.89,307.41,320.49,307.41,944540.0
2024-02-09,47127.5,45293.3,48118.8,45254.2,98110.0,2486.24,2419.56,2522.96,2419.16,540920.0,106.909,102.771,108.815,102.763,8230000.0,0.526,0.5146,0.528,0.514,509990000.0,323.9,318.89,325.99,318.0,750870.0
2024-02-10,47758.2,47128.0,48149.0,46875.0,31200.0,2500.28,2486.24,2515.95,2472.92,194430.0,109.032,106.935,110.858,106.914,5030000.0,0.5238,0.526,0.5281,0.5188,203090000.0,323.1,323.9,325.3,319.1,326700.0
2024-02-11,48277.3,47759.3,48531.6,47590.2,36500.0,2506.69,2500.28,2537.85,2493.83,230910.0,107.439,109.031,110.625,107.289,3520000.0,0.5262,0.5238,0.5359,0.5216,313000000.0,320.7,323.1,324.8,320.1,283160.0
2024-02-12,49941.3,48280.2,50277.3,47729.9,81850.0,2657.87,2506.69,2663.57,2473.54,477420.0,111.803,107.445,112.211,103.525,7550000.0,0.5315,0.5262,0.5374,0.5145,515169999.99999994,327.9,320.7,331.4,315.7,586060.0
2024-02-13,49716.0,49941.0,50326.6,48398.3,78510.0,2640.1,2657.91,2686.14,2597.15,530990.0,112.502,111.803,114.86,108.414,7120000.0,0.5245,0.5315,0.5336,0.5155,537620000.0,324.7,327.9,329.1,319.3,452830.0
2024-02-14,51782.4,49708.6,52010.7,49263.8,80350.0,2775.12,2640.12,2785.51,2619.77,491970.0,116.959,112.502,118.649,110.714,6180000.0,0.5377,0.5247,0.5418,0.5203,558030000.0,333.9,324.7,334.5,323.5,458370.0
2024-02-15,51901.3,51805.2,52819.4,51327.5,74720.0,2822.59,2775.12,2864.41,2760.98,520700.00000000006,113.555,116.967,118.34,111.556,6180000.0,0.5621,0.5377,0.5762,0.5374,850580000.0,354.2,333.8,366.1,333.3,1380000.0
2024-02-16,52134.2,51901.4,52556.7,51612.6,52860.0,2801.8,2822.59,2856.76,2759.52,401190.0,110.341,113.543,114.253,108.211,4920000.0,0.5643,0.5621,0.5782,0.553,695310000.0,360.6,354.2,365.9,351.2,1070000.0
2024-02-17,51646.0,52134.2,52175.5,50652.3,32450.000000000004,2785.9,2801.8,2804.17,2721.21,251970.0,108.913,110.341,111.057,105.826,3480000.0,0.5496,0.5643,0.5654,0.5399,353740000.0,352.9,360.6,363.4,348.41,639390.0
2024-02-18,52117.5,51646.0,52350.3,51199.6,26890.0,2880.1,2785.9,2892.79,2765.97,391110.0,112.206,108.912,114.033,107.535,3720000.0,0.557,0.5496,0.5624,0.5474,277670000.0,349.6,352.9,358.1,349.31,503350.0
2024-02-19,51783.6,52119.6,52484.8,51694.2,36730.0,2944.8,2880.16,2983.48,2859.82,478680.0,111.465,112.214,114.772,111.011,4680000.0,0.5626,0.557,0.5677,0.5543,509930000.0,351.7,349.6,356.1,349.4,840100.0
2024-02-20,52263.5,51783.1,52936.8,50801.8,68100.0,3015.38,2944.79,3030.61,2879.82,674550.0,108.292,111.465,112.092,104.863,7170000.0,0.5623,0.5626,0.5748,0.5452,794140000.0,354.51,351.7,360.8,345.32,990060.0
2024-02-21,51858.2,52263.5,52367.3,50676.9,59020.0,2971.18,3015.38,3016.76,2871.88,620510.0,105.059,108.325,108.341,100.267,6180000.0,0.549,0.5623,0.5629,0.5335,621420000.0,379.09,354.51,379.3,351.01,1730000.0
2024-02-22,51320.4,51850.2,52015.8,50947.3,50270.0,2972.46,2971.18,3031.76,2907.22,595920.0,101.774,105.064,107.045,101.524,4960000.0,0.5412,0.549,0.5515,0.5368,518460000.00000006,382.69,379.19,387.09,374.01,1430000.0
2024-02-23,50740.5,51320.6,51532.5,50537.6,43270.0,2922.24,2972.47,2992.8,2906.43,441330.0,99.827,101.751,103.084,98.786,4410000.0,0.5341,0.5412,0.5436,0.526,593650000.0,375.5,382.69,385.7,369.2,1040000.0
2024-02-24,51571.6,50739.6,51689.9,50592.0,20990.0,2992.29,2922.24,3005.95,2907.23,251890.0,104.012,99.828,104.691,98.507,2960000.0,0.5449,0.5341,0.548,0.5314,275720000.0,381.7,375.5,383.3,371.8,451450.0
2024-02-25,51722.7,51572.1,51952.0,51299.0,23610.0,3112.59,2992.29,3117.59,2984.29,450780.0,103.475,104.012,104.405,102.081,2450000.0,0.5425,0.5449,0.5486,0.542,277120000.0,388.5,381.7,390.8,378.0,653450.0
2024-02-26,54495.1,51722.7,54899.1,50925.2,78050.0,3175.94,3112.59,3193.67,3038.0,582390.0,109.851,103.469,110.693,100.352,6790000.0,0.5507,0.5425,0.5526,0.5289,572920000.0,401.6,388.5,404.49,382.1,1230000.0
2024-02-27,57056.2,54491.1,57555.2,54464.0,100480.0,3242.14,3175.94,3285.01,3165.91,674560.0,108.398,109.856,112.2,105.667,7720000.0,0.5861,0.5507,0.5967,0.5478,1180000000.0,394.8,401.6,403.69,390.11,932130.0
2024-02-28,62467.6,57048.7,63915.3,56704.9,173640.0,3383.03,3242.44,3482.48,3183.92,1010000.0,118.877,108.4,118.877,107.284,14270000.0,0.5751,0.5859,0.6053,0.5393,1490000000.0,414.62,394.6,426.79,394.3,1390000.0
2024-02-29,61169.3,62467.1,63653.4,60512.5,119290.0,3339.26,3382.98,3520.8,3300.42,802170.0,125.588,118.878,134.492,117.433,16950000.0,0.586,0.5751,0.6234,0.5676,1860000000.0,399.1,414.62,419.38,391.24,1160000.0
2024-03-01,62397.7,61157.3,63147.3,60790.9,74960.0,3433.51,3339.25,3449.56,3339.24,431980.0,129.914,125.621,137.554,125.602,10160000.0,0.6011,0.5861,0.6033,0.5833,793090000.0,407.3,399.1,408.48,399.0,595450.0
2024-03-02,61994.5,62397.7,62446.3,61621.9,33800.0,3420.64,3433.51,3459.96,3395.03,296910.0,130.078,129.914,131.62,127.399,5710000.0,0.6442,0.6011,0.6496,0.5996,1280000000.0,410.89,407.3,414.69,405.91,599600.0
2024-03-03,63135.8,61955.6,63227.3,61399.4,38010.0,3488.67,3420.64,3491.53,3364.44,363550.0,130.22,130.078,132.076,124.848,6200000.0,0.6274,0.644,0.6443,0.5936,950230000.0,414.7,410.89,416.5,402.9,851040.0
2024-03-04,68270.1,63135.8,68495.1,62746.8,130860.00000000001,3626.34,3488.67,3638.1,3445.47,769530.0,132.896,130.213,134.933,127.54,9690000.0,0.6478,0.6273,0.6645,0.6202,1530000000.0,418.4,414.5,423.4,410.7,1060000.0
2024-03-05,63792.6,68273.1,69063.1,60138.2,207600.0,3556.03,3626.39,3819.79,3237.28,1480000.0,125.249,132.896,142.507,111.792,20500000.0,0.5908,0.6475,0.6681,0.5454,2270000000.0,394.29,418.4,427.1,362.15,2110000.0
2024-03-06,66080.4,63794.7,67604.9,62848.7,117910.0,3814.56,3555.94,3899.99,3503.51,1020000.0,130.734,125.365,134.886,120.184,11350000.0,0.6121,0.5908,0.6235,0.5756,1190000000.0,429.19,394.29,434.26,385.9,1850000.0
2024-03-07,66855.3,66074.6,67985.5,65602.6,77470.0,3869.69,3814.56,3932.77,3736.33,568320.0,143.888,130.733,149.033,130.676,13990000.0,0.6272,0.6121,0.6387,0.6071,1110000000.0,474.9,429.29,476.48,423.4,1690000.0
2024-03-08,68172.0,66854.4,69904.0,66170.7,112670.0,3883.2,3868.75,3991.89,3825.16,686060.0,144.748,143.863,152.672,142.149,10230000.0,0.6201,0.6272,0.6337,0.6037,943570000.0,486.51,474.5,489.38,463.81,1690000.0
2024-03-09,68366.5,68178.5,68576.9,67923.9,30710.0,3905.17,3883.2,3941.34,3872.96,265430.0,144.238,144.765,149.122,143.799,5650000.0,0.6201,0.6201,0.6321,0.6163,629310000.0,488.3,485.8,493.68,481.21,867200.0
2024-03-10,68964.8,68360.7,69905.3,68165.0,53490.0,3878.47,3905.17,3961.94,3793.64,372520.0,144.407,144.279,148.515,140.599,6320000.0,0.6079,0.62,0.6276,0.5968,657430000.0,529.1,488.3,536.54,485.0,1970000.0
2024-03-11,72099.1,68964.7,72771.5,67452.8,114720.0,4065.02,3878.47,4081.72,3756.39,767300.0,148.791,144.413,150.07,136.848,10640000.0,0.7191,0.6079,0.7435,0.5857,2730000000.0,522.11,529.1,532.99,507.33,1640000.0
2024-03-12,71470.2,72099.1,72916.7,68845.6,105090.0,3979.3,4065.15,4091.28,3843.45,685770.0,151.054,148.803,154.89,141.877,12210000.0,0.688,0.7191,0.7313,0.6615,1650000000.0,537.69,522.89,547.4,520.3,1980000.0
2024-03-13,73066.3,71461.9,73623.5,71338.4,77180.0,4004.29,3979.3,4078.48,3935.6,503460.0,163.907,151.053,166.58,148.824,10570000.0,0.6887,0.688,0.7022,0.6689,941430000.0,630.36,537.69,632.53,531.8,2570000.0
2024-03-14,71387.5,73066.7,73740.9,68717.2,109430.0,3883.94,4004.3,4009.92,3729.51,672520.0,176.523,163.914,177.989,159.632,14170000.0,0.6692,0.6888,0.7073,0.6413,1250000000.0,603.3,630.36,631.39,565.93,2170000.0
2024-03-15,69463.7,71387.1,72398.1,65765.6,148590.0,3741.12,3881.7,3931.33,3591.51,981710.0,183.334,176.523,188.803,165.177,23170000.0,0.6341,0.6692,0.6751,0.5999,1600000000.0,632.06,603.3,634.45,548.34,3130000.0
2024-03-16,65314.2,69456.5,70037.0,64971.0,75820.0,3523.68,3741.16,3778.6,3476.82,567020.0,182.079,183.854,197.783,177.242,17080000.0,0.603,0.6341,0.646,0.5945,940980000.0,576.52,632.06,641.8,567.93,1850000.0
2024-03-17,68391.2,65314.2,68857.7,64605.5,66070.0,3644.78,3523.66,3678.07,3421.42,549290.0,201.83,182.071,204.396,178.884,13620000.0,0.6189,0.603,0.6249,0.5876,756580000.0,571.69,576.52,590.11,550.23,1760000.0
2024-03-18,67594.1,68389.7,68920.1,66601.4,78070.0,3520.3,3644.77,3644.77,3454.94,588480.0,195.866,201.814,209.917,194.427,14860000.0,0.6452,0.6191,0.6677,0.5947,1190000000.0,555.49,571.69,586.88,540.54,2320000.0
2024-03-19,62050.0,67594.1,68099.6,61560.6,148080.0,3165.2,3520.32,3546.23,3151.42,1110000.0,169.894,195.847,198.548,166.249,21790000.0,0.585,0.6453,0.6485,0.5722,1520000000.0,508.06,555.49,560.29,498.61,2620000.0
2024-03-20,67854.0,62046.8,68029.5,60850.9,133530.0,3514.73,3165.07,3531.37,3063.6,1260000.0,191.897,169.89,193.103,162.719,16469999.999999998,0.6113,0.5848,0.6184,0.5695,1200000000.0,556.6,508.06,558.9,500.51,1480000.0
2024-03-21,65503.8,67860.0,68161.7,64616.1,75260.0,3493.23,3514.73,3583.02,3413.6,638790.0,179.417,191.772,195.408,175.909,10330000.0,0.6408,0.6112,0.654,0.5977,1160000000.0,553.79,556.6,570.8,541.01,992520.0
2024-03-22,63785.5,65501.5,66633.3,62328.3,72430.0,3334.12,3492.89,3541.65,3254.56,589840.0,175.087,179.403,181.643,167.718,8199999.999999999,0.6116,0.6404,0.6449,0.5997,839020000.0,553.53,553.79,587.68,535.61,1260000.0
2024-03-23,64037.8,63785.6,65972.4,63074.9,35110.0,3332.9,3334.19,3430.04,3275.78,334860.0,172.641,175.077,178.755,170.502,5040000.0,0.6167,0.6116,0.6324,0.6044,422860000.0,552.1,553.53,567.67,544.39,634680.0
2024-03-24,67211.9,64036.5,67587.8,63812.9,65590.0,3455.33,3332.87,3469.66,3300.74,270030.0,183.676,172.641,186.564,171.392,5040000.0,0.6325,0.6167,0.6356,0.6134,451630000.0,567.7,552.1,572.79,549.0,465770.0
2024-03-25,69892.0,67216.4,71118.8,66395.0,124720.0,3590.62,3455.35,3651.3,3421.09,584660.0,188.979,183.692,194.458,181.085,7350000.0,0.6406,0.6325,0.6619,0.6265,844260000.0,587.11,567.8,597.68,565.0,874480.0
2024-03-26,69999.3,69896.3,71490.7,69366.4,90980.0,3587.5,3590.62,3677.24,3544.55,520429.99999999994,190.465,188.977,196.509,186.378,6330000.0,0.6318,0.6406,0.6529,0.6257,706200000.0,580.45,587.07,596.96,571.89,625100.0
2024-03-27,69442.4,69999.2,71670.8,68428.6,112880.0,3500.43,3587.48,3661.91,3462.44,460870.0,186.18,190.46,192.546,180.341,7230000.0,0.6118,0.6318,0.6346,0.6066,815790000.0,574.21,580.45,585.17,564.51,566340.0
2024-03-28,70762.1,69449.4,71542.5,68956.9,72490.0,3559.43,3500.43,3609.66,3470.62,416690.0,189.482,186.23,190.838,180.923,5210000.0,0.6245,0.6118,0.6371,0.6047,720460000.0,583.1,574.21,591.47,574.21,543460.0
2024-03-29,69871.7,70766.7,70907.0,69090.9,58990.0,3509.76,3559.43,3583.18,3475.04,334490.0,192.107,189.473,192.949,183.558,5150000.0,0.63,0.6245,0.6444,0.6097,755220000.0,612.47,583.1,619.89,582.21,1100000.0
2024-03-30,69611.5,69872.3,70321.2,69564.9,29870.0,3506.83,3509.76,3564.04,3487.64,224950.0,194.221,192.105,199.812,190.938,4940000.0,0.6215,0.63,0.6362,0.6179,395100000.0,600.79,612.47,612.58,596.97,535110.0
2024-03-31,71332.0,69608.5,71367.5,69576.6,42450.0,3647.09,3506.82,3652.97,3505.17,252380.0,202.51,194.211,203.075,193.747,3840000.0,0.6291,0.6215,0.6299,0.6205,258269999.99999997,606.89,600.79,608.69,600.59,333980.0
2024-04-01,69664.4,71329.3,71329.3,68175.9,94050.0,3502.82,3647.08,3647.08,3421.96,422720.0,192.224,202.51,204.194,187.311,6500000.0,0.611,0.6291,0.6328,0.5954,753070000.0,576.1,606.69,607.59,569.1,754090.0
2024-04-02,65439.2,69662.7,69673.0,64628.4,152870.0,3277.99,3502.84,3505.39,3216.48,647130.0,181.446,192.228,192.228,175.973,8150000.0,0.5853,0.611,0.618,0.5798,918620000.0,550.8,576.1,578.1,546.33,1060000.0
2024-04-03,65963.0,65443.6,66844.8,64559.0,88460.0,3310.62,3278.01,3366.75,3203.21,426570.0,185.076,181.428,191.625,177.085,6610000.0,0.5739,0.5853,0.5962,0.5667,726640000.0,561.35,550.8,567.81,539.7,736620.0
2024-04-04,68496.5,65968.4,69238.8,65096.3,100300.0,3327.45,3310.82,3435.57,3254.31,371230.0,183.999,185.09,190.099,180.251,5300000.0,0.5931,0.5741,0.6145,0.5626,977920000.0,585.23,561.54,597.54,560.96,968770.0
2024-04-05,67830.6,68498.7,68692.2,66023.3,88970.0,3317.84,3327.45,3344.17,3212.89,359700.0,174.368,184.007,185.025,168.038,6980000.0,0.5872,0.5931,0.5951,0.5692,624540000.0,577.9,585.25,591.24,564.66,685170.0
2024-04-06,68890.6,67830.5,69632.0,67467.2,41480.0,3352.03,3317.84,3394.8,3307.23,190080.0,178.703,174.37,179.699,173.604,3910000.0,0.5929,0.5872,0.5984,0.5853,237380000.0,585.69,577.89,590.68,575.39,236590.0
2024-04-07,69360.4,68897.3,70285.8,68849.4,46990.0,3454.17,3351.99,3459.43,3344.89,217800.0,179.541,178.698,182.62,176.961,3530000.0,0.5946,0.5929,0.6023,0.5896,292690000.0,584.0,585.59,590.8,578.51,275590.0
2024-04-08,71630.1,69358.0,72710.8,69110.5,105780.0,3694.93,3454.17,3727.87,3409.58,538850.0,180.691,179.527,184.501,175.498,5280000.0,0.6151,0.5946,0.6259,0.5887,718360000.0,586.32,584.0,600.89,577.82,503860.0
2024-04-09,69148.0,71627.3,71737.2,68264.6,93690.0,3506.96,3694.92,3723.75,3459.79,482490.0,172.39,180.691,180.853,169.362,6290000.0,0.6141,0.6151,0.6418,0.6016,908050000.0,580.5,586.31,589.9,571.95,612350.0
2024-04-10,70622.1,69147.8,71086.9,67570.0,97710.0,3545.16,3506.95,3560.13,3419.12,404410.0,173.329,172.389,175.431,163.229,7870000.0,0.6172,0.6141,0.6201,0.5958,629230000.0,609.82,580.5,610.21,573.69,850790.0
2024-04-11,70011.6,70620.4,71249.2,69586.1,72510.0,3502.55,3545.16,3615.24,3479.15,349380.0,172.432,173.313,176.257,170.184,6300000.0,0.6085,0.6172,0.6214,0.6032,512400000.0,604.61,609.82,617.81,592.1,628330.0
2024-04-12,67151.9,70014.9,71226.9,65829.3,131840.0,3239.86,3502.55,3551.22,3150.92,739630.0,153.281,172.374,175.891,142.597,11540000.0,0.547,0.6085,0.6156,0.5168,1400000000.0,595.59,604.61,627.68,575.15,1630000.0
2024-04-13,63849.9,67137.4,67921.0,61065.5,149480.0,3004.44,3237.16,3296.69,2863.89,1060000.0,138.641,153.255,154.838,119.471,26820000.0,0.4783,0.547,0.5488,0.4312,1890000000.0,552.56,595.68,600.07,510.84,1870000.0
2024-04-14,65697.4,63909.5,65758.2,62174.7,134400.0,3152.65,3005.96,3168.52,2913.83,799680.0,151.412,138.641,152.499,130.816,21550000.0,0.5034,0.4782,0.5072,0.4643,1350000000.0,566.5,553.03,570.1,536.7,1010000.0
2024-04-15,63411.9,65696.6,66805.1,62379.5,118790.0,3100.94,3152.65,3273.03,3030.76,654920.0,138.499,151.416,155.92,133.876,16129999.999999998,0.4976,0.5034,0.5187,0.4815,1050000000.0,552.4,566.5,585.39,545.75,733200.0
2024-04-16,63805.3,63416.1,64274.4,61715.6,114960.0,3083.43,3100.98,3125.19,2998.17,560470.0,136.227,138.535,140.403,126.639,15130000.0,0.4965,0.4976,0.5017,0.4771,830950000.0,537.53,552.41,553.9,523.32,653500.0
2024-04-18,63481.4,61278.9,64092.4,60822.3,97380.0,3064.48,2985.82,3089.53,2955.31,423990.0,142.037,131.892,143.72,128.002,10570000.0,0.5025,0.4884,0.5052,0.4858,685300000.0,552.07,534.32,555.52,527.25,667500.0
2024-04-19,63799.1,63480.5,65441.2,59693.3,150340.0,3056.23,3064.49,3122.51,2871.82,645650.0,142.362,142.076,147.425,128.627,15070000.0,0.5028,0.5025,0.5106,0.4677,1100000000.0,554.09,552.07,564.17,525.92,580020.0
2024-04-20,64961.1,63817.6,65375.6,63131.7,49330.0,3156.63,3056.51,3168.9,3020.82,256050.0,151.138,142.362,152.226,139.718,6720000.0,0.5288,0.503,0.5299,0.4987,563490000.0,570.8,554.09,574.09,549.19,251080.0
2024-04-21,64940.2,64942.1,65680.6,64267.5,42020.0,3147.83,3156.62,3195.43,3116.85,234070.0,148.785,151.15,153.334,146.915,5120000.0,0.5246,0.5288,0.5364,0.5188,377990000.0,579.6,570.7,582.18,566.6,286160.0
2024-04-22,66829.3,64940.1,67208.0,64527.5,72300.0,3200.62,3147.84,3233.84,3130.24,306740.0,156.979,148.794,158.372,146.867,6920000.0,0.5562,0.5246,0.5709,0.5225,801630000.0,604.52,579.6,608.41,578.51,550270.0
2024-04-23,66415.0,66829.5,67180.0,65848.3,52420.0,3220.13,3200.28,3262.5,3153.81,265420.0,154.743,156.978,159.976,153.141,5730000.0,0.5445,0.556,0.5574,0.5419,647390000.0,606.19,604.52,616.6,598.95,601600.0
2024-04-24,64285.7,66414.9,67060.5,63606.9,77830.0,3141.03,3220.11,3292.31,3111.91,409830.0,147.739,154.742,159.748,145.734,8560000.0,0.5275,0.5445,0.5518,0.5218,731070000.0,608.67,606.19,618.33,593.64,707110.0
2024-04-25,64497.1,64287.1,65247.5,62889.2,80770.0,3155.83,3141.03,3189.11,3078.65,369130.0,144.808,147.739,149.438,142.245,7350000.0,0.5254,0.5275,0.5325,0.5141,622310000.0,613.39,608.67,617.88,601.27,475430.0
2024-04-26,63766.4,64497.1,64771.3,63354.9,61600.0,3130.9,3155.83,3165.94,3104.77,263090.0,139.104,144.803,146.034,138.885,5250000.0,0.526,0.5254,0.5357,0.5148,585490000.0,597.89,613.39,614.99,597.2,313080.0
2024-04-27,63456.8,63765.8,63916.7,62507.7,45340.0,3255.57,3131.42,3282.99,3073.79,334660.0,141.306,139.104,142.952,133.85,5500000.0,0.5179,0.5261,0.5264,0.5103,347310000.0,596.18,597.89,599.49,586.0,279670.0
2024-04-28,63109.7,63457.9,64346.1,62827.8,36650.0,3261.69,3255.57,3347.45,3250.66,318130.0,137.895,141.306,144.586,137.178,4139999.9999999995,0.5101,0.5179,0.5252,0.5087,240320000.0,600.39,596.18,608.19,596.18,267830.0
2024-04-29,63860.1,63113.7,64193.1,61837.2,67260.0,3216.29,3261.72,3286.75,3119.56,438130.0,137.686,137.973,138.89,133.513,5850000.0,0.5151,0.5102,0.5174,0.4987,568120000.0,592.71,600.39,602.8,582.26,348950.0
2024-04-30,60666.6,63852.4,64700.2,59228.7,121040.0,3014.41,3216.85,3250.44,2927.77,591880.0,126.74,137.718,139.687,121.528,8600000.0,0.5004,0.515,0.5197,0.4889,681900000.0,578.41,592.71,603.83,556.01,818080.0
2024-05-01,58331.2,60665.0,60827.5,56643.5,171550.0,2973.27,3014.38,3023.06,2819.19,672370.0,134.643,126.737,135.697,119.18,11140000.0,0.5173,0.5006,0.5211,0.4795,813120000.0,561.9,578.41,580.21,537.5,709210.0
2024-05-02,59121.3,58334.9,59548.0,56989.8,98060.0,2987.12,2973.3,3014.55,2897.11,387640.0,137.648,134.642,140.67,128.284,7710000.0,0.5179,0.5174,0.5244,0.5068,580800000.0,560.4,561.9,565.69,542.65,376320.0
2024-05-03,62877.5,59104.3,63298.4,58830.8,100460.0,3102.25,2987.11,3125.81,2958.98,381950.0,143.639,137.645,144.897,136.019,6310000.0,0.5316,0.5179,0.5364,0.5146,578900000.0,586.79,560.4,589.69,559.1,355700.0
2024-05-04,63888.3,62887.1,64466.0,62599.1,53030.0,3117.23,3102.25,3146.74,3095.58,205590.0,146.057,143.65,147.803,142.376,4000000.0,0.5301,0.5316,0.5407,0.5275,298360000.0,585.58,586.81,593.4,582.81,208690.0
2024-05-05,64006.4,63897.7,64587.2,62923.9,40510.0,3136.4,3117.14,3170.63,3074.55,229160.0,145.692,146.056,147.966,143.255,3240000.0,0.5295,0.5301,0.5332,0.5241,212250000.0,591.8,585.58,594.89,579.78,188120.0
2024-05-06,63163.1,64005.8,65448.8,62730.7,77680.0,3062.03,3136.4,3220.04,3048.65,377370.0,152.825,145.692,156.586,145.481,6190000.0,0.54,0.5295,0.5692,0.5251,907570000.0,588.2,591.8,601.9,583.33,288740.0
2024-05-07,62317.7,63163.1,64361.0,62294.1,59740.0,3006.36,3062.03,3128.32,3004.04,315010.0,148.062,152.825,159.087,147.994,5930000.0,0.5247,0.5399,0.5441,0.5219,501070000.0,577.21,588.2,600.11,576.31,300020.0
2024-05-08,61207.5,62304.9,62997.4,60894.2,56470.0,2974.94,3006.32,3036.79,2941.71,283760.0,142.206,148.057,149.925,140.046,6000000.0,0.517,0.5247,0.5292,0.5155,563970000.0,588.6,576.53,589.8,575.37,309130.0
2024-05-09,63075.0,61207.3,63413.3,60671.4,64220.0,3036.32,2974.92,3057.07,2953.21,248780.0,152.795,142.169,153.202,140.643,5300000.0,0.521,0.517,0.5237,0.5092,480480000.0,596.69,588.6,603.31,586.71,485180.0
2024-05-10,60796.9,63074.3,63454.3,60251.8,79330.0,2909.86,3036.32,3052.94,2882.82,355900.0,146.032,152.814,155.56,144.769,5900000.0,0.5021,0.5209,0.5209,0.4979,587730000.0,585.6,596.69,596.99,582.13,307590.0
2024-05-11,60826.6,60796.8,61487.5,60499.3,27500.0,2912.56,2909.86,2943.58,2889.62,144620.0,145.391,146.032,147.551,143.254,3060000.0,0.5059,0.5021,0.5074,0.5007,188090000.0,592.2,585.6,594.4,581.52,219290.0
2024-05-12,61480.0,60826.6,61847.7,60647.1,27400.0,2929.35,2912.56,2953.92,2903.16,111770.0,143.417,145.389,147.731,142.893,1920000.0,0.4993,0.5059,0.5084,0.4969,174990000.0,594.78,592.2,599.38,587.61,199930.0
2024-05-13,60979.2,61480.5,61790.0,60779.0,36390.0,2886.09,2929.36,2943.02,2865.08,196930.0,138.642,143.417,145.722,138.008,3050000.0,0.4927,0.4993,0.5028,0.4869,258410000.00000003,589.18,594.78,596.68,585.67,314990.0
